CODIGOMATERIA,MATERIA_x,REPROBADOS,REGISTRADOS,TASA_RP,CLASIFMATERIA,MATERIA_y,ANIO,TERMINO,DIFICULTAD
DING2037,PORTAFOLIO,4,74,"5,41",G,PORTAFOLIO,2022,0S,"8,08"
ACUG1035,ACUICULTURA ORNAMENTAL,1,104,"0,96",G,ACUICULTURA ORNAMENTAL,2020,0S,"8,52"
ACUG1036,ANÁLISIS DE DATOS ACUÍCOLAS,2,91,"2,20",G,ANÁLISIS DE DATOS ACUÍCOLAS,2020,0S,"7,72"
ACUG1039,CULTIVO DE ESPECIES NO TRADICIONALES,1,80,"1,25",G,CULTIVO DE ESPECIES NO TRADICIONALES,2020,0S,"8,63"
ACUG1040,CULTIVO DE PLANCTON,1,68,"1,47",G,CULTIVO DE PLANCTON,2020,0S,"8,25"
ACUG1041,ECOSISTEMAS ACUÍCOLAS,5,74,"6,76",G,ECOSISTEMAS ACUÍCOLAS,2020,0S,"7,41"
ACUG1042,FUNDAMENTOS DE INGENIERÍA ACUÍCOLA,2,70,"2,86",G,FUNDAMENTOS DE INGENIERÍA ACUÍCOLA,2020,0S,"8,38"
ACUG1043,HERRAMIENTAS PARA EL DIAGNÓSTICO DE ENFERMEDADES ACUÍCOLAS,7,116,"6,03",G,HERRAMIENTAS PARA EL DIAGNÓSTICO DE ENFERMEDADES ACUÍCOLAS,2020,0S,"7,90"
ACUG1045,PRODUCCIÓN ACUÍCOLA II,2,121,"1,65",G,PRODUCCIÓN ACUÍCOLA II,2020,0S,"8,32"
ACUG1046,PRODUCCIÓN ACUICOLA I,0,99,"0,00",G,PRODUCCIÓN ACUICOLA I,2020,0S,"8,62"
ACUG1047,PISCICULTURA,0,90,"0,00",G,PISCICULTURA,2020,0S,"8,78"
ACUG1048,SISTEMAS ACUÍCOLAS,0,96,"0,00",G,SISTEMAS ACUÍCOLAS,2020,0S,"8,38"
ACUG1049,INGENIERÍA PARA LA ACUICULTURA II,4,90,"4,44",G,INGENIERÍA PARA LA ACUICULTURA II,2020,0S,"6,79"
ACUG1050,INGENIERÍA PARA LA ACUICULTURA I,24,105,"22,86",G,INGENIERÍA PARA LA ACUICULTURA I,2020,0S,"6,74"
ACUG1051,NUTRICIÓN ACUÍCOLA,3,89,"3,37",G,NUTRICIÓN ACUÍCOLA,2020,0S,"7,89"
ACUG1052,MORFOLOGÍA Y FISIOLOGÍA DE ORGANISMOS ACUÍCOLAS,0,64,"0,00",G,MORFOLOGÍA Y FISIOLOGÍA DE ORGANISMOS ACUÍCOLAS,2020,0S,"8,46"
ACUG1053,MANEJO ACUÍCOLA,2,58,"3,45",G,MANEJO ACUÍCOLA,2020,0S,"7,19"
ACUG1054,INTRODUCCIÓN A LA ACUICULTURA,2,68,"2,94",G,INTRODUCCIÓN A LA ACUICULTURA,2020,0S,"7,90"
ACUG1055,PROBLEMAS DE LA ACTUALIDAD ACUÍCOLA,1,82,"1,22",G,PROBLEMAS DE LA ACTUALIDAD ACUÍCOLA,2020,0S,"8,33"
ACUG1056,PATOLOGÍA ACUÍCOLA II,2,85,"2,35",G,PATOLOGÍA ACUÍCOLA II,2020,0S,"7,85"
ACUG1057,PATOLOGÍA ACUÍCOLA I,0,70,"0,00",G,PATOLOGÍA ACUÍCOLA I,2020,0S,"8,11"
ACUG1058,MATERIA INTEGRADORA DE ACUICULTURA,0,123,"0,00",T,MATERIA INTEGRADORA DE ACUICULTURA,2020,0S,"9,47"
ACUG1059,BUENAS PRÁCTICAS EN ACUICULTURA,2,87,"2,30",G,BUENAS PRÁCTICAS EN ACUICULTURA,2020,0S,"8,84"
ADMG1005,EMPRENDIMIENTO E INNOVACIÓN,155,7747,"2,00",G,EMPRENDIMIENTO E INNOVACIÓN,2020,0S,"8,18"
ADMG1006,GESTIÓN DE PROYECTOS Y REGULACIÓN EN TELECOMUNICACIONES,2,165,"1,21",G,GESTIÓN DE PROYECTOS Y REGULACIÓN EN TELECOMUNICACIONES,2020,0S,"7,92"
ADMG1007,ESTRATEGIAS DE GESTIÓN,2,176,"1,14",G,ESTRATEGIAS DE GESTIÓN,2020,0S,"7,84"
ADMG2022,ADMINISTRACIÓN DE OPERACIONES,133,900,"14,78",G,ADMINISTRACIÓN DE OPERACIONES,2020,0S,"7,22"
ADMG2024,COMERCIO EXTERIOR,3,429,"0,70",G,COMERCIO EXTERIOR,2020,0S,"7,63"
ADMG2025,COMPORTAMIENTO ORGANIZACIONAL,9,917,"0,98",G,COMPORTAMIENTO ORGANIZACIONAL,2020,0S,"8,59"
ADMG2026,DESARROLLO ORGANIZACIONAL,0,428,"0,00",G,DESARROLLO ORGANIZACIONAL,2020,0S,"9,13"
ADMG2028,ESTRATEGIAS CORPORATIVAS Y DE NEGOCIOS,12,456,"2,63",G,ESTRATEGIAS CORPORATIVAS Y DE NEGOCIOS,2020,0S,"7,66"
ADMG2029,FUNDAMENTOS DE ADMINISTRACIÓN,58,1941,"2,99",G,FUNDAMENTOS DE ADMINISTRACIÓN,2020,0S,"8,12"
ADMG2030,FUNDAMENTOS DE MARKETING,34,1004,"3,39",G,FUNDAMENTOS DE MARKETING,2020,0S,"8,37"
ADMG2031,MATERIA INTEGRADORA DE ADMINISTRACIÓN DE EMPRESAS,7,420,"1,67",T,MATERIA INTEGRADORA DE ADMINISTRACIÓN DE EMPRESAS,2020,0S,"9,22"
ADMG2032,GESTIÓN COMERCIAL,1,455,"0,22",G,GESTIÓN COMERCIAL,2020,0S,"8,44"
ADMG2033,GESTIÓN DE MARKETING,2,391,"0,51",G,GESTIÓN DE MARKETING,2020,0S,"8,69"
ADMG2034,GESTIÓN DE RECURSOS HUMANOS,5,627,"0,80",G,GESTIÓN DE RECURSOS HUMANOS,2020,0S,"8,50"
ADMG2035,INVESTIGACIÓN DE MERCADOS,121,1328,"9,11",G,INVESTIGACIÓN DE MERCADOS,2020,0S,"7,32"
ADMG2036,PLANIFICACIÓN ESTRATÉGICA,5,414,"1,21",G,PLANIFICACIÓN ESTRATÉGICA,2020,0S,"8,37"
ADMG2037,GESTIÓN DE PROYECTOS,1,679,"0,15",G,GESTIÓN DE PROYECTOS,2020,0S,"8,65"
ADMT3004,LIDERAZGO Y EMPRENDIMIENTO,0,36,"0,00",G,LIDERAZGO Y EMPRENDIMIENTO,2024,0S,"8,67"
ADMT3005,COMERCIO EXTERIOR,0,16,"0,00",G,COMERCIO EXTERIOR,2024,0S,"7,89"
ADSG1019,CONTAMINACIÓN AMBIENTAL,0,174,"0,00",G,CONTAMINACIÓN AMBIENTAL,2020,0S,"8,52"
ADSG1020,ECOLOGÍA ACUÁTICA,3,145,"2,07",G,ECOLOGÍA ACUÁTICA,2020,0S,"8,40"
ADSG1021,ECOLOGÍA DE ECOSISTEMAS,4,199,"2,01",G,ECOLOGÍA DE ECOSISTEMAS,2020,0S,"8,72"
ADSG1022,ECOLOGÍA GENERAL,5,194,"2,58",G,ECOLOGÍA GENERAL,2020,0S,"8,22"
ADSG1023,REMEDIACIÓN AMBIENTAL,0,119,"0,00",G,REMEDIACIÓN AMBIENTAL,2021,0S,"9,55"
ADSG1024,PRINCIPIOS DE ECOTOXICOLOGÍA,2,189,"1,06",G,PRINCIPIOS DE ECOTOXICOLOGÍA,2020,0S,"8,30"
ADSG1025,"GESTIÓN DE CALIDAD, AMBIENTE Y SEGURIDAD EN LA INDUSTRIA",12,480,"2,50",G,"GESTIÓN DE CALIDAD, AMBIENTE Y SEGURIDAD EN LA INDUSTRIA",2020,0S,"7,99"
ADSG1026,CIENCIAS DE LA SOSTENIBILIDAD,110,5542,"1,98",G,CIENCIAS DE LA SOSTENIBILIDAD,2020,0S,"8,10"
ADSG1029,TRATAMIENTO DE AGUAS,8,383,"2,09",G,TRATAMIENTO DE AGUAS,2020,0S,"7,87"
ADST3002,CIENCIAS AMBIENTALES,0,16,"0,00",G,CIENCIAS AMBIENTALES,2024,0S,"8,64"
AGRG1022,AGRICULTURA DE PRECISIÓN,7,52,"13,46",G,AGRICULTURA DE PRECISIÓN,2020,0S,"7,00"
AGRG1023,AGROECOSISTEMAS,0,39,"0,00",G,AGROECOSISTEMAS,2020,0S,"8,22"
AGRG1024,DIAGNÓSTICO Y PROTECCIÓN VEGETAL II,2,51,"3,92",G,DIAGNÓSTICO Y PROTECCIÓN VEGETAL II,2020,0S,"8,34"
AGRG1025,DIAGNÓSTICO Y PROTECCIÓN VEGETAL I,2,54,"3,70",G,DIAGNÓSTICO Y PROTECCIÓN VEGETAL I,2020,0S,"8,04"
AGRG1026,EDAFOLOGÍA,4,59,"6,78",G,EDAFOLOGÍA,2020,0S,"8,05"
AGRG1027,FISIOLOGÍA VEGETAL,3,297,"1,01",G,FISIOLOGÍA VEGETAL,2020,0S,"8,02"
AGRG1028,GESTIÓN DE UNIDADES DE PRODUCCIÓN AGROPECUARIA,0,44,"0,00",G,GESTIÓN DE UNIDADES DE PRODUCCIÓN AGROPECUARIA,2020,0S,"8,80"
AGRG1029,MATERIA INTEGRADORA DE INGENIERÍA AGRÍCOLA Y BIOLÓGICA,0,37,"0,00",T,MATERIA INTEGRADORA DE INGENIERÍA AGRÍCOLA Y BIOLÓGICA,2020,0S,"9,60"
AGRG1030,MECANIZACIÓN AGRÍCOLA,0,35,"0,00",G,MECANIZACIÓN AGRÍCOLA,2021,0S,"7,99"
AGRG1032,PRODUCCIÓN VEGETAL I,1,53,"1,89",G,PRODUCCIÓN VEGETAL I,2020,0S,"8,31"
AGRG1033,PRODUCCIÓN VEGETAL II,3,52,"5,77",G,PRODUCCIÓN VEGETAL II,2020,0S,"7,69"
AGRG1035,RIEGO Y DRENAJE,1,45,"2,22",G,RIEGO Y DRENAJE,2020,0S,"7,78"
AGRG1036,SILVICULTURA,5,46,"10,87",G,SILVICULTURA,2020,0S,"6,30"
AGRG1037,NUTRICIÓN VEGETAL,1,50,"2,00",G,NUTRICIÓN VEGETAL,2020,0S,"8,19"
AGRG1038,PRODUCCIÓN PECUARIA II,0,41,"0,00",G,PRODUCCIÓN PECUARIA II,2020,0S,"8,14"
AGRG1039,PRODUCCIÓN PECUARIA I,0,57,"0,00",G,PRODUCCIÓN PECUARIA I,2020,0S,"8,24"
AGRG1040,PRODUCCIÓN VEGETAL III,1,37,"2,70",G,PRODUCCIÓN VEGETAL III,2022,0S,"7,84"
AGRG1041,SEMILLEROS Y VIVEROS,5,32,"15,63",G,SEMILLEROS Y VIVEROS,2024,0S,"6,84"
ALIG1029,ANÁLISIS DE ALIMENTOS,1,154,"0,65",G,ANÁLISIS DE ALIMENTOS,2020,0S,"8,24"
ALIG1030,BIOQUÍMICA ALIMENTARIA,1,173,"0,58",G,BIOQUÍMICA ALIMENTARIA,2020,0S,"8,29"
ALIG1031,CONTROL DE CALIDAD Y EVALUACIÓN SENSORIAL DE ALIMENTOS,9,205,"4,39",G,CONTROL DE CALIDAD Y EVALUACIÓN SENSORIAL DE ALIMENTOS,2020,0S,"7,52"
ALIG1032,DESARROLLO DE NUEVOS PRODUCTOS ALIMENTICIOS,1,202,"0,50",G,DESARROLLO DE NUEVOS PRODUCTOS ALIMENTICIOS,2020,0S,"8,11"
ALIG1033,DISEÑO DE PLANTAS ALIMENTARIAS,0,212,"0,00",G,DISEÑO DE PLANTAS ALIMENTARIAS,2020,0S,"8,78"
ALIG1034,DISEÑO DE PROCESOS TÉRMICOS I,12,222,"5,41",G,DISEÑO DE PROCESOS TÉRMICOS I,2020,0S,"7,47"
ALIG1035,DISEÑO DE PROCESOS TÉRMICOS II,0,205,"0,00",G,DISEÑO DE PROCESOS TÉRMICOS II,2020,0S,"8,49"
ALIG1036,FERMENTACIÓN Y ENZIMOLOGÍA ALIMENTARIA,3,183,"1,64",G,FERMENTACIÓN Y ENZIMOLOGÍA ALIMENTARIA,2020,0S,"8,22"
ALIG1037,FUNDAMENTOS DE LA INGENIERÍA EN ALIMENTOS,9,169,"5,33",G,FUNDAMENTOS DE LA INGENIERÍA EN ALIMENTOS,2020,0S,"7,34"
ALIG1038,INGENIERÍA DE PROCESOS ALIMENTARIOS,3,211,"1,42",G,INGENIERÍA DE PROCESOS ALIMENTARIOS,2020,0S,"8,20"
ALIG1039,INOCUIDAD ALIMENTARIA,5,181,"2,76",G,INOCUIDAD ALIMENTARIA,2020,0S,"7,46"
ALIG1040,MATERIA INTEGRADORA DE ALIMENTOS,4,222,"1,80",T,MATERIA INTEGRADORA DE ALIMENTOS,2020,0S,"9,04"
ALIG1041,MICROBIOLOGÍA DE ALIMENTOS,56,230,"24,35",G,MICROBIOLOGÍA DE ALIMENTOS,2020,0S,"6,31"
ALIG1042,OPTIMIZACIÓN Y SIMULACIÓN DE PROCESOS ALIMENTARIOS,1,209,"0,48",G,OPTIMIZACIÓN Y SIMULACIÓN DE PROCESOS ALIMENTARIOS,2020,0S,"8,34"
ALIG1043,PROCESAMIENTO DE FARINÁCEOS Y OLEAGINOSAS,0,172,"0,00",G,PROCESAMIENTO DE FARINÁCEOS Y OLEAGINOSAS,2020,0S,"8,56"
ALIG1044,PROCESAMIENTO DE FRUTAS Y VEGETALES,1,180,"0,56",G,PROCESAMIENTO DE FRUTAS Y VEGETALES,2020,0S,"8,32"
ALIG1045,PROCESAMIENTO DE LÁCTEOS,0,189,"0,00",G,PROCESAMIENTO DE LÁCTEOS,2020,0S,"8,18"
ALIG1046,"PROCESAMIENTO DE CÁRNICOS, PESCADOS Y MARISCOS",0,202,"0,00",G,"PROCESAMIENTO DE CÁRNICOS, PESCADOS Y MARISCOS",2020,0S,"8,16"
ALIG1047,SANIDAD E HIGIENE ALIMENTARIA,2,180,"1,11",G,SANIDAD E HIGIENE ALIMENTARIA,2020,0S,"7,65"
ALIG1050,QUÍMICA ALIMENTARIA,14,202,"6,93",G,QUÍMICA ALIMENTARIA,2020,0S,"7,48"
ARQG2020,ANTROPOLOGÍA BIOLÓGICA,17,82,"20,73",G,ANTROPOLOGÍA BIOLÓGICA,2020,0S,"7,10"
ARQG2021,ARQUEOLOGÍA DE MESOAMÉRICA,2,51,"3,92",G,ARQUEOLOGÍA DE MESOAMÉRICA,2020,0S,"7,90"
ARQG2022,BIOARQUEOLOGÍA,4,52,"7,69",G,BIOARQUEOLOGÍA,2020,0S,"7,77"
ARQG2023,PROYECTOS DE INVESTIGACIÓN ARQUEOLÓGICA,5,45,"11,11",G,PROYECTOS DE INVESTIGACIÓN ARQUEOLÓGICA,2020,0S,"8,18"
ARQG2024,MATERIA INTEGRADORA EN ARQUEOLOGÍA,5,37,"13,51",T,MATERIA INTEGRADORA EN ARQUEOLOGÍA,2021,0S,"8,16"
ARQG2025,ARQUEOLOGÍA DEL ECUADOR II,12,75,"16,00",G,ARQUEOLOGÍA DEL ECUADOR II,2020,0S,"7,16"
ARQG2026,LABORATORIO DE ARQUEOLOGÍA II,0,32,"0,00",G,LABORATORIO DE ARQUEOLOGÍA II,2021,0S,"8,63"
ARQG2028,CAMPO DE ANTROPOLOGÍA SOCIOCULTURAL II,2,45,"4,44",G,CAMPO DE ANTROPOLOGÍA SOCIOCULTURAL II,2020,0S,"7,82"
ARQG2029,LABORATORIO DE ARQUEOLOGÍA I,1,38,"2,63",G,LABORATORIO DE ARQUEOLOGÍA I,2020,0S,"8,51"
ARQG2030,CAMPO DE ARQUEOLOGÍA I,2,52,"3,85",G,CAMPO DE ARQUEOLOGÍA I,2020,0S,"8,16"
ARQG2031,ARQUEOLOGÍA ANDINOAMERICANA,5,62,"8,06",G,ARQUEOLOGÍA ANDINOAMERICANA,2020,0S,"7,26"
ARQG2032,ARQUEOLOGÍA DE LAS TIERRAS BAJAS DE SUDAMÉRICA Y DEL CARIBE,0,41,"0,00",G,ARQUEOLOGÍA DE LAS TIERRAS BAJAS DE SUDAMÉRICA Y DEL CARIBE,2021,0S,"7,90"
ARQG2033,ARQUEOLOGÍA DEL ECUADOR I,16,120,"13,33",G,ARQUEOLOGÍA DEL ECUADOR I,2020,0S,"7,39"
ARQG2034,ARQUEOLOGÍA DEL VIEJO MUNDO,11,85,"12,94",G,ARQUEOLOGÍA DEL VIEJO MUNDO,2020,0S,"7,32"
ARQG2035,ARQUEOLOGÍA SOCIAL LATINOAMERICANA,6,87,"6,90",G,ARQUEOLOGÍA SOCIAL LATINOAMERICANA,2020,0S,"7,62"
ARQG2036,CAMPO DE ANTROPOLOGÍA SOCIOCULTURAL I,2,54,"3,70",G,CAMPO DE ANTROPOLOGÍA SOCIOCULTURAL I,2020,0S,"7,69"
ARQG2037,ORÍGENES DE LOS ESTADOS PREHISPÁNICOS,2,48,"4,17",G,ORÍGENES DE LOS ESTADOS PREHISPÁNICOS,2020,0S,"8,32"
ARQG2038,PRIMER POBLAMIENTO AMERICANO,21,77,"27,27",G,PRIMER POBLAMIENTO AMERICANO,2020,0S,"6,64"
ARQG2039,TEORÍA ANTROPOLÓGICA Y ARQUEOLÓGICA,12,97,"12,37",G,TEORÍA ANTROPOLÓGICA Y ARQUEOLÓGICA,2020,0S,"7,19"
ARQG2040,GEOMÁTICA,11,89,"12,36",G,GEOMÁTICA,2020,0S,"7,65"
ARQG2041,GEOGRAFÍA FÍSICA,42,612,"6,86",G,GEOGRAFÍA FÍSICA,2020,0S,"7,84"
ARQG2042,INTRODUCCIÓN A LA ANTROPOLOGÍA Y ARQUEOLOGÍA,36,610,"5,90",G,INTRODUCCIÓN A LA ANTROPOLOGÍA Y ARQUEOLOGÍA,2020,0S,"7,84"
ARQG2043,CAMPO DE ARQUEOLOGÍA II,0,40,"0,00",G,CAMPO DE ARQUEOLOGÍA II,2020,0S,"8,63"
ARTG2023,ARTE Y CIENCIA,31,934,"3,32",G,ARTE Y CIENCIA,2020,0S,"8,55"
ARTG2024,ARTE Y TECNOLOGÍA,27,1178,"2,29",G,ARTE Y TECNOLOGÍA,2020,0S,"8,55"
ARTG2025,DIBUJO  I,108,1478,"7,31",G,DIBUJO  I,2020,0S,"8,00"
ARTG2026,DIBUJO II,226,1413,"15,99",G,DIBUJO II,2020,0S,"7,29"
ARTG2028,HISTORIA DEL ARTE,55,1060,"5,19",G,HISTORIA DEL ARTE,2020,0S,"7,88"
ARTG2029,HISTORIA DEL CINE,71,436,"16,28",G,HISTORIA DEL CINE,2020,0S,"7,12"
ARTG2030,INVESTIGACIÓN AUDIOVISUAL,19,391,"4,86",G,INVESTIGACIÓN AUDIOVISUAL,2020,0S,"7,88"
ARTG2032,TALLER DE ILUSTRACIÓN,13,364,"3,57",G,TALLER DE ILUSTRACIÓN,2021,0S,"8,23"
ARTG2033,TÉCNICAS PICTÓRICAS,37,533,"6,94",G,TÉCNICAS PICTÓRICAS,2020,0S,"8,26"
AUDG2026,AUDITORÍA DE SISTEMAS INTEGRADOS,1,398,"0,25",G,AUDITORÍA DE SISTEMAS INTEGRADOS,2020,0S,"9,67"
AUDG2027,AUDITORÍA FINANCIERA I,8,409,"1,96",G,AUDITORÍA FINANCIERA I,2020,0S,"8,78"
AUDG2028,AUDITORÍA FINANCIERA II,9,421,"2,14",G,AUDITORÍA FINANCIERA II,2020,0S,"8,22"
AUDG2030,AUDITORÍA OPERACIONAL,11,392,"2,81",G,AUDITORÍA OPERACIONAL,2020,0S,"7,80"
AUDG2032,CONTABILIDAD AVANZADA,17,572,"2,97",G,CONTABILIDAD AVANZADA,2020,0S,"7,30"
AUDG2033,CONTABILIDAD DE COSTOS,10,802,"1,25",G,CONTABILIDAD DE COSTOS,2020,0S,"8,51"
AUDG2034,CONTABILIDAD FINANCIERA,130,1700,"7,65",G,CONTABILIDAD FINANCIERA,2020,0S,"7,89"
AUDG2035,CONTABILIDAD I,17,594,"2,86",G,CONTABILIDAD I,2020,0S,"8,68"
AUDG2036,CONTABILIDAD II,24,594,"4,04",G,CONTABILIDAD II,2020,0S,"8,12"
AUDG2037,CONTABILIDAD III,33,643,"5,13",G,CONTABILIDAD III,2020,0S,"7,28"
AUDG2038,CONTROL INTERNO,1,311,"0,32",G,CONTROL INTERNO,2021,0S,"9,17"
AUDG2039,FUNDAMENTOS DE AUDITORÍA,14,604,"2,32",G,FUNDAMENTOS DE AUDITORÍA,2020,0S,"8,34"
AUDG2040,MATERIA INTEGRADORA DE AUDITORÍA Y CONTROL DE GESTIÓN,9,412,"2,18",T,MATERIA INTEGRADORA DE AUDITORÍA Y CONTROL DE GESTIÓN,2020,0S,"9,53"
AUDG2041,PRÁCTICA TRIBUTARIA,3,431,"0,70",G,PRÁCTICA TRIBUTARIA,2020,0S,"8,62"
AUDG2042,SISTEMAS DE CONTROL DE GESTIÓN,0,448,"0,00",G,SISTEMAS DE CONTROL DE GESTIÓN,2020,0S,"9,64"
AUDG2043,INTRODUCCIÓN A LAS TÉCNICAS DE AUDITORÍA,16,473,"3,38",G,INTRODUCCIÓN A LAS TÉCNICAS DE AUDITORÍA,2020,0S,"8,37"
AUDG2044,GESTIÓN DE LA PRODUCTIVIDAD,4,349,"1,15",G,GESTIÓN DE LA PRODUCTIVIDAD,2020,0S,"8,53"
BIOG1021,BIOLOGÍA CELULAR Y MOLECULAR,19,629,"3,02",G,BIOLOGÍA CELULAR Y MOLECULAR,2020,0S,"8,21"
BIOG1022,BIOLOGÍA GENERAL,21,1158,"1,81",G,BIOLOGÍA GENERAL,2020,0S,"8,25"
BIOG1023,FISIOLOGÍA ANIMAL,0,103,"0,00",G,FISIOLOGÍA ANIMAL,2021,0S,"8,29"
BIOG1024,BIOQUÍMICA,14,715,"1,96",G,BIOQUÍMICA,2020,0S,"8,42"
BIOG1025,INTRODUCCIÓN A LAS HERRAMIENTAS ÓMICAS,0,122,"0,00",G,INTRODUCCIÓN A LAS HERRAMIENTAS ÓMICAS,2021,0S,"9,48"
BIOG1026,INVESTIGACIÓN EN CIENCIAS DE LA VIDA,21,642,"3,27",G,INVESTIGACIÓN EN CIENCIAS DE LA VIDA,2020,0S,"8,56"
BIOG1027,MATERIA INTEGRADORA DE BIOLOGÍA,3,169,"1,78",T,MATERIA INTEGRADORA DE BIOLOGÍA,2020,0S,"9,26"
BIOG1028,MICROBIOLOGÍA GENERAL,15,557,"2,69",G,MICROBIOLOGÍA GENERAL,2020,0S,"8,24"
BIOG1029,VIROLOGÍA,10,183,"5,46",G,VIROLOGÍA,2020,0S,"7,45"
BIOG1030,BIOINFORMÁTICA,8,198,"4,04",G,BIOINFORMÁTICA,2020,0S,"8,15"
CADG2025,ANIMACIÓN I,31,249,"12,45",G,ANIMACIÓN I,2020,0S,"7,29"
CADG2026,ANIMACIÓN II,19,190,"10,00",G,ANIMACIÓN II,2020,0S,"7,37"
CADG2027,DIRECCIÓN AUDIOVISUAL,20,243,"8,23",G,DIRECCIÓN AUDIOVISUAL,2020,0S,"8,23"
CADG2028,DIRECCIÓN ESCÉNICA,8,241,"3,32",G,DIRECCIÓN ESCÉNICA,2020,0S,"7,77"
CADG2029,DISEÑO DE PRODUCCIÓN,21,436,"4,82",G,DISEÑO DE PRODUCCIÓN,2020,0S,"8,22"
CADG2030,EDICIÓN Y MONTAJE,9,356,"2,53",G,EDICIÓN Y MONTAJE,2020,0S,"8,16"
CADG2031,FOTOGRAFÍA PARA MEDIOS,34,376,"9,04",G,FOTOGRAFÍA PARA MEDIOS,2020,0S,"7,22"
CADG2032,GUION,12,286,"4,20",G,GUION,2020,0S,"7,94"
CADG2033,LEGISLACIÓN AUDIOVISUAL,27,262,"10,31",G,LEGISLACIÓN AUDIOVISUAL,2020,0S,"6,92"
CADG2034,NARRATIVA AUDIOVISUAL,13,339,"3,83",G,NARRATIVA AUDIOVISUAL,2020,0S,"8,91"
CADG2035,POSTPRODUCCIÓN,3,247,"1,21",G,POSTPRODUCCIÓN,2020,0S,"8,50"
CADG2036,PREPRODUCCIÓN,5,403,"1,24",G,PREPRODUCCIÓN,2020,0S,"8,44"
CADG2037,PRODUCCIÓN EJECUTIVA,5,239,"2,09",G,PRODUCCIÓN EJECUTIVA,2020,0S,"7,14"
CADG2038,PRODUCCIÓN PARA NUEVOS MEDIOS,3,195,"1,54",G,PRODUCCIÓN PARA NUEVOS MEDIOS,2020,0S,"8,06"
CADG2039,PROYECTO AUDIOVISUAL I,0,285,"0,00",G,PROYECTO AUDIOVISUAL I,2020,0S,"8,40"
CADG2040,PROYECTO AUDIOVISUAL II,4,267,"1,50",G,PROYECTO AUDIOVISUAL II,2020,0S,"8,32"
CADG2042,DISEÑO DE SONIDO,33,317,"10,41",G,DISEÑO DE SONIDO,2020,0S,"7,03"
CADG2043,MATERIA INTEGRADORA DE PRODUCCIÓN PARA MEDIOS DE COMUNICACIÓN,18,287,"6,27",T,MATERIA INTEGRADORA DE PRODUCCIÓN PARA MEDIOS DE COMUNICACIÓN,2020,0S,"8,50"
CADG2045,FOTOGRAFÍA DIGITAL,9,374,"2,41",G,FOTOGRAFÍA DIGITAL,2020,0S,"8,67"
CADG2046,VIDEOGRAFÍA,2,175,"1,14",G,VIDEOGRAFÍA,2021,0S,"7,65"
CCAG1002,EXTENSIONISMO,1,45,"2,22",G,EXTENSIONISMO,2020,0S,"8,96"
CCAG2021,SEMIÓTICA,16,365,"4,38",G,SEMIÓTICA,2020,0S,"7,90"
CCAG2022,ESTUDIO DE CASOS DE CIENCIAS SOCIALES,32,1581,"2,02",G,ESTUDIO DE CASOS DE CIENCIAS SOCIALES,2020,0S,"8,72"
CCAG2023,SOCIOLOGÍA,46,1477,"3,11",G,SOCIOLOGÍA,2020,0S,"8,48"
CCPG1034,ESTRUCTURAS DE DATOS,122,787,"15,50",G,ESTRUCTURAS DE DATOS,2020,0S,"7,01"
CCPG1035,MATERIA INTEGRADORA DE COMPUTACIÓN,26,566,"4,59",T,MATERIA INTEGRADORA DE COMPUTACIÓN,2020,0S,"8,90"
CCPG1036,ANÁLISIS DE ALGORITMOS,35,554,"6,32",G,ANÁLISIS DE ALGORITMOS,2020,0S,"7,40"
CCPG1039,COMPUTACIÓN Y SOCIEDAD,14,794,"1,76",G,COMPUTACIÓN Y SOCIEDAD,2020,0S,"8,24"
CCPG1041,DIRECCIÓN DE PROYECTOS INFORMÁTICOS,18,618,"2,91",G,DIRECCIÓN DE PROYECTOS INFORMÁTICOS,2020,0S,"7,40"
CCPG1042,DISEÑO DE SOFTWARE,43,791,"5,44",G,DISEÑO DE SOFTWARE,2020,0S,"7,55"
CCPG1043,FUNDAMENTOS DE PROGRAMACIÓN,3221,10281,"31,33",G,FUNDAMENTOS DE PROGRAMACIÓN,2020,0S,"6,16"
CCPG1044,INTELIGENCIA ARTIFICIAL,81,637,"12,72",G,INTELIGENCIA ARTIFICIAL,2020,0S,"6,82"
CCPG1046,INTERACCIÓN HUMANO COMPUTADOR,28,772,"3,63",G,INTERACCIÓN HUMANO COMPUTADOR,2020,0S,"8,08"
CCPG1048,METODOLOGÍA DE LA INVESTIGACIÓN EN COMPUTACIÓN,56,545,"10,28",G,METODOLOGÍA DE LA INVESTIGACIÓN EN COMPUTACIÓN,2020,0S,"7,37"
CCPG1049,ORGANIZACIÓN DE COMPUTADORES,26,700,"3,71",G,ORGANIZACIÓN DE COMPUTADORES,2020,0S,"7,98"
CCPG1051,PROGRAMACIÓN DE SISTEMAS,130,988,"13,16",G,PROGRAMACIÓN DE SISTEMAS,2020,0S,"7,16"
CCPG1052,PROGRAMACIÓN ORIENTADA A OBJETOS,313,1768,"17,70",G,PROGRAMACIÓN ORIENTADA A OBJETOS,2020,0S,"7,03"
CCPG1053,SEGURIDAD DE LA INFORMACIÓN,2,566,"0,35",G,SEGURIDAD DE LA INFORMACIÓN,2020,0S,"9,09"
CCPG1054,SISTEMAS DE INFORMACIÓN,4,1068,"0,37",G,SISTEMAS DE INFORMACIÓN,2020,0S,"8,27"
CCPG1055,SISTEMAS DISTRIBUIDOS Y COMPUTACIÓN EN LA NUBE,13,810,"1,60",G,SISTEMAS DISTRIBUIDOS Y COMPUTACIÓN EN LA NUBE,2020,0S,"8,35"
CCPG1056,SISTEMAS OPERATIVOS,235,845,"27,81",G,SISTEMAS OPERATIVOS,2020,0S,"6,28"
CCPG1058,SISTEMAS DE INFORMACIÓN APLICADOS A LOGÍSTICA,5,92,"5,43",G,SISTEMAS DE INFORMACIÓN APLICADOS A LOGÍSTICA,2020,0S,"7,91"
CCPG1059,AUDITORÍA DE SISTEMAS DE INFORMACIÓN,5,391,"1,28",G,AUDITORÍA DE SISTEMAS DE INFORMACIÓN,2020,0S,"8,72"
CCPG1801,FUNDAMENTOS DE PROGRAMACIÓN,18,57,"31,58",G,FUNDAMENTOS DE PROGRAMACIÓN,2024,0S,"6,48"
CCPG1803,PROGRAMACIÓN ORIENTADA A OBJETOS,0,3,"0,00",G,PROGRAMACIÓN ORIENTADA A OBJETOS,2025,0S,"7,63"
CCPT3003,OPERACIÓN DE COMPUTADORES,0,20,"0,00",G,OPERACIÓN DE COMPUTADORES,2023,0S,"9,21"
CCPT3004,FUNDAMENTOS DE COMPUTACIÓN,0,16,"0,00",G,FUNDAMENTOS DE COMPUTACIÓN,2023,0S,"8,22"
CIVG1034,ANÁLISIS ESTRUCTURAL,71,705,"10,07",G,ANÁLISIS ESTRUCTURAL,2020,0S,"7,36"
CIVG1035,DIBUJO TÉCNICO Y PLANOS,57,503,"11,33",G,DIBUJO TÉCNICO Y PLANOS,2020,0S,"7,78"
CIVG1036,DISEÑO DE PAVIMENTOS,5,515,"0,97",G,DISEÑO DE PAVIMENTOS,2020,0S,"8,04"
CIVG1037,DISEÑO DE PUENTES,9,636,"1,42",G,DISEÑO DE PUENTES,2020,0S,"7,96"
CIVG1038,DISEÑO DE VÍAS,20,521,"3,84",G,DISEÑO DE VÍAS,2020,0S,"7,53"
CIVG1039,DISEÑO ESTRUCTURAL,24,644,"3,73",G,DISEÑO ESTRUCTURAL,2020,0S,"7,84"
CIVG1040,ESTRUCTURAS METÁLICAS,31,573,"5,41",G,ESTRUCTURAS METÁLICAS,2020,0S,"7,23"
CIVG1041,GESTIÓN DE OBRAS CIVILES,7,545,"1,28",G,GESTIÓN DE OBRAS CIVILES,2020,0S,"8,88"
CIVG1043,HIDROLOGÍA,31,576,"5,38",G,HIDROLOGÍA,2020,0S,"7,67"
CIVG1044,HIDRÁULICA,69,664,"10,39",G,HIDRÁULICA,2020,0S,"6,94"
CIVG1045,HORMIGÓN ARMADO,64,741,"8,64",G,HORMIGÓN ARMADO,2020,0S,"7,49"
CIVG1046,HORMIGÓN PREFORZADO,19,623,"3,05",G,HORMIGÓN PREFORZADO,2020,0S,"8,06"
CIVG1047,HORMIGÓN Y MATERIALES DE CONSTRUCCIÓN,43,746,"5,76",G,HORMIGÓN Y MATERIALES DE CONSTRUCCIÓN,2020,0S,"8,02"
CIVG1049,INGENIERÍA DE CIMENTACIÓN,8,633,"1,26",G,INGENIERÍA DE CIMENTACIÓN,2020,0S,"7,89"
CIVG1050,INGENIERÍA DE LA CONSTRUCCIÓN,1,575,"0,17",G,INGENIERÍA DE LA CONSTRUCCIÓN,2020,0S,"8,71"
CIVG1053,INSTALACIONES,2,461,"0,43",G,INSTALACIONES,2020,0S,"8,73"
CIVG1054,MATERIA INTEGRADORA DE INGENIERÍA CIVIL,39,630,"6,19",T,MATERIA INTEGRADORA DE INGENIERÍA CIVIL,2020,0S,"8,76"
CIVG1055,POTABILIZACIÓN Y TRATAMIENTO DEL AGUA,10,559,"1,79",G,POTABILIZACIÓN Y TRATAMIENTO DEL AGUA,2020,0S,"7,93"
CIVG1056,RESISTENCIA DE MATERIALES,68,694,"9,80",G,RESISTENCIA DE MATERIALES,2020,0S,"7,26"
CIVG1058,SISTEMAS DE RECOLECCIÓN Y DISTRIBUCIÓN DE AGUA,54,555,"9,73",G,SISTEMAS DE RECOLECCIÓN Y DISTRIBUCIÓN DE AGUA,2020,0S,"7,17"
CIVG1059,TOPOGRAFÍA,4,422,"0,95",G,TOPOGRAFÍA,2020,0S,"8,55"
CIVG1060,MECÁNICA DE SUELOS Y ROCAS,49,593,"8,26",G,MECÁNICA DE SUELOS Y ROCAS,2020,0S,"7,22"
COMG2002,TEORÍA DE LA COMUNICACIÓN,45,878,"5,13",G,TEORÍA DE LA COMUNICACIÓN,2020,0S,"7,56"
DIGG2023,DIRECCIÓN DE ARTE,5,369,"1,36",G,DIRECCIÓN DE ARTE,2020,0S,"7,63"
DIGG2025,DISEÑO DE INFORMACIÓN,9,315,"2,86",G,DISEÑO DE INFORMACIÓN,2020,0S,"7,62"
DIGG2026,DISEÑO DE MARCA,11,332,"3,31",G,DISEÑO DE MARCA,2020,0S,"8,33"
DIGG2027,DISEÑO EDITORIAL,15,318,"4,72",G,DISEÑO EDITORIAL,2020,0S,"7,91"
DIGG2028,DISEÑO ESTRATÉGICO,1,334,"0,30",G,DISEÑO ESTRATÉGICO,2020,0S,"8,26"
DIGG2029,DISEÑO GRÁFICO I,29,460,"6,30",G,DISEÑO GRÁFICO I,2020,0S,"7,47"
DIGG2030,DISEÑO GRÁFICO II,21,380,"5,53",G,DISEÑO GRÁFICO II,2020,0S,"7,91"
DIGG2031,DISEÑO GRÁFICO III,2,348,"0,57",G,DISEÑO GRÁFICO III,2020,0S,"8,26"
DIGG2032,DISEÑO GRÁFICO IV,11,294,"3,74",G,DISEÑO GRÁFICO IV,2020,0S,"8,11"
DIGG2033,HISTORIA DEL DISEÑO,78,562,"13,88",G,HISTORIA DEL DISEÑO,2020,0S,"6,59"
DIGG2034,MATERIA INTEGRADORA DE DISEÑO GRÁFICO,34,325,"10,46",T,MATERIA INTEGRADORA DE DISEÑO GRÁFICO,2020,0S,"8,06"
DIGG2035,PROYECTO DE DISEÑO,0,284,"0,00",G,PROYECTO DE DISEÑO,2020,0S,"8,62"
DIGG2036,TIPOGRAFÍA,19,433,"4,39",G,TIPOGRAFÍA,2020,0S,"7,52"
DIGG2037,TÉCNICAS DE IMPRESIÓN,0,302,"0,00",G,TÉCNICAS DE IMPRESIÓN,2020,0S,"8,68"
DIGG2039,REDACCIÓN CREATIVA,76,774,"9,82",G,REDACCIÓN CREATIVA,2020,0S,"7,52"
DIGG2040,ANTROPOLOGÍA DEL DISEÑO,37,456,"8,11",G,ANTROPOLOGÍA DEL DISEÑO,2020,0S,"6,56"
DIGG2041,INVESTIGACIÓN APLICADA AL DISEÑO,14,438,"3,20",G,INVESTIGACIÓN APLICADA AL DISEÑO,2020,0S,"7,63"
DING2023,DISEÑO DE PRODUCTOS I,13,224,"5,80",G,DISEÑO DE PRODUCTOS I,2020,0S,"7,36"
DING2024,DISEÑO DE PRODUCTOS II,17,160,"10,63",G,DISEÑO DE PRODUCTOS II,2020,0S,"7,27"
DING2025,DISEÑO DE PRODUCTOS III,4,87,"4,60",G,DISEÑO DE PRODUCTOS III,2021,0S,"7,48"
DING2026,DISEÑO DE PRODUCTOS IV,0,67,"0,00",G,DISEÑO DE PRODUCTOS IV,2022,0S,"7,87"
DING2027,DISEÑO DIGITAL,10,170,"5,88",G,DISEÑO DIGITAL,2020,0S,"7,54"
DING2028,ERGONOMÍA,0,114,"0,00",G,ERGONOMÍA,2021,0S,"8,17"
DING2029,ESTRUCTURAS Y MECANISMOS I,57,222,"25,68",G,ESTRUCTURAS Y MECANISMOS I,2020,0S,"6,62"
DING2030,ESTRUCTURAS Y MECANISMOS II,22,122,"18,03",G,ESTRUCTURAS Y MECANISMOS II,2021,0S,"6,66"
DING2031,HISTORIA DEL DISEÑO INDUSTRIAL,25,291,"8,59",G,HISTORIA DEL DISEÑO INDUSTRIAL,2020,0S,"7,42"
DING2032,MATERIA INTEGRADORA DE DISEÑO DE PRODUCTOS,3,59,"5,08",T,MATERIA INTEGRADORA DE DISEÑO DE PRODUCTOS,2022,0S,"8,29"
DING2033,MATERIALES Y MANUFACTURA I,37,221,"16,74",G,MATERIALES Y MANUFACTURA I,2020,0S,"6,85"
DING2034,MATERIALES Y MANUFACTURA II,6,154,"3,90",G,MATERIALES Y MANUFACTURA II,2020,0S,"7,59"
DING2035,MATERIALES Y MANUFACTURA III,0,90,"0,00",G,MATERIALES Y MANUFACTURA III,2021,0S,"8,62"
DING2036,MODELADO TRIDIMENSIONAL,9,118,"7,63",G,MODELADO TRIDIMENSIONAL,2020,0S,"7,44"
MCTG1018,INTRODUCCIÓN A LA MECATRÓNICA,17,585,"2,91",G,INTRODUCCIÓN A LA MECATRÓNICA,2020,0S,"8,16"
DING2038,PROTOTIPADO AVANZADO,2,70,"2,86",G,PROTOTIPADO AVANZADO,2022,0S,"7,99"
DING2039,TALLER DE DISEÑO I,11,227,"4,85",G,TALLER DE DISEÑO I,2020,0S,"8,06"
DING2040,TALLER DE DISEÑO II,4,145,"2,76",G,TALLER DE DISEÑO II,2020,0S,"7,92"
DING2041,TALLER DE DISEÑO III,0,112,"0,00",G,TALLER DE DISEÑO III,2021,0S,"8,36"
DING2042,TALLER DE DISEÑO IV,6,84,"7,14",G,TALLER DE DISEÑO IV,2021,0S,"8,11"
DING2043,TEORÍA DEL DISEÑO,13,269,"4,83",G,TEORÍA DEL DISEÑO,2020,0S,"7,92"
ECOG1008,PROYECTOS AGRÍCOLAS,0,42,"0,00",G,PROYECTOS AGRÍCOLAS,2020,0S,"8,57"
ECOG1009,EVALUACIÓN DE PROYECTOS HIDROCARBURÍFEROS,3,88,"3,41",G,EVALUACIÓN DE PROYECTOS HIDROCARBURÍFEROS,2020,0S,"8,11"
ECOG2041,GESTIÓN DEL DISEÑO,0,342,"0,00",G,GESTIÓN DEL DISEÑO,2020,0S,"8,50"
ECOG2042,ANÁLISIS FINANCIERO,362,1969,"18,38",G,ANÁLISIS FINANCIERO,2020,0S,"7,44"
ECOG2043,CRECIMIENTO Y DESARROLLO ECONÓMICO,1,406,"0,25",G,CRECIMIENTO Y DESARROLLO ECONÓMICO,2020,0S,"8,45"
ECOG2044,ECONOMETRÍA I,13,470,"2,77",G,ECONOMETRÍA I,2020,0S,"7,95"
ECOG2045,ECONOMETRÍA II,85,539,"15,77",G,ECONOMETRÍA II,2020,0S,"6,89"
ECOG2046,ECONOMETRÍA III,45,498,"9,04",G,ECONOMETRÍA III,2020,0S,"7,11"
ECOG2047,ECONOMÍA GERENCIAL,43,639,"6,73",G,ECONOMÍA GERENCIAL,2020,0S,"7,74"
ECOG2049,ECONOMÍA MATEMÁTICA,42,528,"7,95",G,ECONOMÍA MATEMÁTICA,2020,0S,"7,68"
ECOG2051,FINANZAS INTERNACIONALES,4,422,"0,95",G,FINANZAS INTERNACIONALES,2020,0S,"8,39"
ECOG2053,MATERIA INTEGRADORA DE ECONOMÍA,26,484,"5,37",T,MATERIA INTEGRADORA DE ECONOMÍA,2020,0S,"8,50"
ECOG2054,PRESUPUESTO,7,434,"1,61",G,PRESUPUESTO,2020,0S,"7,83"
ECOG2055,FUNDAMENTOS DE INVERSIONES,37,911,"4,06",G,FUNDAMENTOS DE INVERSIONES,2020,0S,"8,46"
ECOG2057,FORMULACION Y EVALUACIÓN SOCIAL DE PROYECTOS,23,488,"4,71",G,FORMULACION Y EVALUACIÓN SOCIAL DE PROYECTOS,2020,0S,"7,42"
ECOG2058,FORMULACIÓN Y EVALUACIÓN DE PROYECTOS,22,514,"4,28",G,FORMULACIÓN Y EVALUACIÓN DE PROYECTOS,2020,0S,"7,99"
ECOG2059,MACROECONOMÍA III,4,480,"0,83",G,MACROECONOMÍA III,2020,0S,"8,34"
ECOG2060,MICROECONOMÍA III,125,547,"22,85",G,MICROECONOMÍA III,2020,0S,"6,97"
ECOG2061,MACROECONOMÍA II,4,468,"0,85",G,MACROECONOMÍA II,2020,0S,"8,35"
ECOG2062,MICROECONOMÍA II,101,552,"18,30",G,MICROECONOMÍA II,2020,0S,"6,93"
ECOG2063,MACROECONOMÍA I,41,1167,"3,51",G,MACROECONOMÍA I,2020,0S,"8,53"
ECOG2064,MICROECONOMÍA I,97,650,"14,92",G,MICROECONOMÍA I,2020,0S,"7,17"
ECOG2065,GESTIÓN TRIBUTARIA,26,428,"6,07",G,GESTIÓN TRIBUTARIA,2020,0S,"7,51"
ECOG2066,PLANIFICACIÓN Y CONTROL FINANCIERO,15,395,"3,80",G,PLANIFICACIÓN Y CONTROL FINANCIERO,2020,0S,"7,58"
ECOG2067,INTRODUCCIÓN A LA ECONOMÍA,230,2567,"8,96",G,INTRODUCCIÓN A LA ECONOMÍA,2020,0S,"7,51"
ECOG2068,ORGANIZACIÓN INDUSTRIAL,30,430,"6,98",G,ORGANIZACIÓN INDUSTRIAL,2020,0S,"7,25"
ECOG2069,HISTORIA Y FILOSOFÍA DEL PENSAMIENTO ECONÓMICO,24,557,"4,31",G,HISTORIA Y FILOSOFÍA DEL PENSAMIENTO ECONÓMICO,2020,0S,"7,86"
EDCOM00281,GESTIÓN Y CONTROL DE PROYECTOS,0,2,"0,00",G,GESTIÓN Y CONTROL DE PROYECTOS,2014,1S,"6,41"
ELEG1028,ANÁLISIS DE REDES ELÉCTRICAS,220,690,"31,88",G,ANÁLISIS DE REDES ELÉCTRICAS,2020,0S,"6,00"
ELEG1029,CENTRALES ELÉCTRICAS,21,277,"7,58",G,CENTRALES ELÉCTRICAS,2020,0S,"7,17"
ELEG1030,CIRCUITOS ELÉCTRICOS,136,639,"21,28",G,CIRCUITOS ELÉCTRICOS,2020,0S,"6,43"
ELEG1031,CONTROLES ELÉCTRICOS INDUSTRIALES,16,263,"6,08",G,CONTROLES ELÉCTRICOS INDUSTRIALES,2020,0S,"7,21"
ELEG1032,DISTRIBUCIÓN ELÉCTRICA I,19,280,"6,79",G,DISTRIBUCIÓN ELÉCTRICA I,2020,0S,"7,52"
ELEG1033,DISTRIBUCIÓN ELÉCTRICA II,3,143,"2,10",G,DISTRIBUCIÓN ELÉCTRICA II,2021,0S,"8,41"
ELEG1034,ELECTRICIDAD BÁSICA,192,1429,"13,44",G,ELECTRICIDAD BÁSICA,2020,0S,"6,93"
ELEG1035,ENERGÍAS RENOVABLES,22,293,"7,51",G,ENERGÍAS RENOVABLES,2020,0S,"7,27"
ELEG1036,ESTABILIDAD Y CONTROL DE SISTEMAS DE POTENCIA,11,136,"8,09",G,ESTABILIDAD Y CONTROL DE SISTEMAS DE POTENCIA,2021,0S,"7,59"
ELEG1037,GESTIÓN Y MARCO REGULATORIO DEL SECTOR ELÉCTRICO,0,141,"0,00",G,GESTIÓN Y MARCO REGULATORIO DEL SECTOR ELÉCTRICO,2021,0S,"8,18"
ELEG1038,INSTALACIONES ELÉCTRICAS,27,695,"3,88",G,INSTALACIONES ELÉCTRICAS,2020,0S,"8,22"
ELEG1039,LÍNEAS DE TRANSMISIÓN Y SUBESTACIONES,1,250,"0,40",G,LÍNEAS DE TRANSMISIÓN Y SUBESTACIONES,2020,0S,"8,24"
ELEG1040,MAQUINARIA ELÉCTRICA I,31,262,"11,83",G,MAQUINARIA ELÉCTRICA I,2020,0S,"7,20"
ELEG1041,MAQUINARIA ELÉCTRICA II,10,228,"4,39",G,MAQUINARIA ELÉCTRICA II,2020,0S,"7,17"
ELEG1042,MATERIA INTEGRADORA DE ELECTRICIDAD,19,292,"6,51",T,MATERIA INTEGRADORA DE ELECTRICIDAD,2020,0S,"8,86"
ELEG1043,MÁQUINAS Y TRANSFORMADORES,71,371,"19,14",G,MÁQUINAS Y TRANSFORMADORES,2020,0S,"6,64"
ELEG1044,OPERACIÓN DE SISTEMAS DE POTENCIA,118,387,"30,49",G,OPERACIÓN DE SISTEMAS DE POTENCIA,2020,0S,"5,74"
ELEG1046,PLANIFICACIÓN DE SISTEMAS DE POTENCIA,9,293,"3,07",G,PLANIFICACIÓN DE SISTEMAS DE POTENCIA,2020,0S,"7,64"
ELEG1047,PROTECCIONES ELÉCTRICAS,46,317,"14,51",G,PROTECCIONES ELÉCTRICAS,2020,0S,"6,58"
ELEG1049,SISTEMAS DE POTENCIA I,49,304,"16,12",G,SISTEMAS DE POTENCIA I,2020,0S,"7,02"
ELEG1050,SISTEMAS DE POTENCIA II,30,278,"10,79",G,SISTEMAS DE POTENCIA II,2020,0S,"7,35"
ELEG1051,TEORÍA ELECTROMAGNÉTICA,180,632,"28,48",G,TEORÍA ELECTROMAGNÉTICA,2020,0S,"6,37"
ELET3001,INSTALACIONES ELÉCTRICAS DE BAJA TENSIÓN,0,46,"0,00",G,INSTALACIONES ELÉCTRICAS DE BAJA TENSIÓN,2023,0S,"9,01"
ELET3002,MEDICIONES ELÉCTRICAS,0,46,"0,00",G,MEDICIONES ELÉCTRICAS,2023,0S,"8,96"
ELET3003,CONTROLES ELÉCTRICOS,0,20,"0,00",G,CONTROLES ELÉCTRICOS,2023,0S,"8,34"
ELET3004,MÁQUINAS ELÉCTRICAS,0,20,"0,00",G,MÁQUINAS ELÉCTRICAS,2023,0S,"8,43"
ESTG1033,GEOESTADISTICA,5,112,"4,46",G,GEOESTADISTICA,2020,0S,"8,31"
ESTG1034,ESTADÍSTICA,1075,4445,"24,18",G,ESTADÍSTICA,2020,0S,"6,41"
ESTG1035,INTRODUCCIÓN A LA ESTADÍSTICA,22,269,"8,18",G,INTRODUCCIÓN A LA ESTADÍSTICA,2020,0S,"7,88"
ESTG1036,ESTADÍSTICA I,625,2597,"24,07",G,ESTADÍSTICA I,2020,0S,"6,52"
ESTG1037,ESTADÍSTICA II,329,2072,"15,88",G,ESTADÍSTICA II,2020,0S,"6,89"
ESTG1038,MEDIDA Y PROBABILIDAD,53,157,"33,76",G,MEDIDA Y PROBABILIDAD,2020,0S,"5,94"
ESTG1039,ESTADÍSTICA MATEMÁTICA,90,231,"38,96",G,ESTADÍSTICA MATEMÁTICA,2020,0S,"5,63"
ESTG1040,TÉCNICAS DE MUESTREO Y ANÁLISIS MULTIVARIADO,3,121,"2,48",G,TÉCNICAS DE MUESTREO Y ANÁLISIS MULTIVARIADO,2020,0S,"8,28"
ESTG1041,MUESTREO,141,598,"23,58",G,MUESTREO,2020,0S,"6,33"
ESTG1042,ESTADÍSTICA MULTIVARIANTE,3,96,"3,13",G,ESTADÍSTICA MULTIVARIANTE,2020,0S,"7,96"
ESTG1043,CONTROL ESTADÍSTICO DE PROCESOS,2,70,"2,86",G,CONTROL ESTADÍSTICO DE PROCESOS,2020,0S,"8,97"
ESTG1044,DATOS CATEGÓRICOS,0,96,"0,00",G,DATOS CATEGÓRICOS,2020,0S,"9,16"
ESTG1045,MODELOS ESTADÍSTICOS APLICADOS I,10,73,"13,70",G,MODELOS ESTADÍSTICOS APLICADOS I,2020,0S,"7,27"
ESTG1046,MODELOS ESTADÍSTICOS APLICADOS II,6,88,"6,82",G,MODELOS ESTADÍSTICOS APLICADOS II,2020,0S,"7,70"
ESTG1047,ESTADÍSTICA BAYESIANA,3,73,"4,11",G,ESTADÍSTICA BAYESIANA,2020,0S,"8,44"
ESTG1048,PROCESOS ESTOCÁSTICOS,5,71,"7,04",G,PROCESOS ESTOCÁSTICOS,2020,0S,"7,71"
ESTG1049,INGENIERÍA DE DATOS,1,58,"1,72",G,INGENIERÍA DE DATOS,2020,0S,"8,30"
ESTG1050,DISEÑO DE EXPERIMENTOS,3,68,"4,41",G,DISEÑO DE EXPERIMENTOS,2020,0S,"8,48"
ESTG1051,SERIES DE TIEMPO,7,217,"3,23",G,SERIES DE TIEMPO,2020,0S,"8,53"
ESTG1052,ESTADÍSTICA COMPUTACIONAL,3,74,"4,05",G,ESTADÍSTICA COMPUTACIONAL,2020,0S,"7,43"
ESTG1054,MÉTODOS ROBUSTOS Y NO PARAMÉTRICOS,5,75,"6,67",G,MÉTODOS ROBUSTOS Y NO PARAMÉTRICOS,2020,0S,"7,36"
ESTG1055,APRENDIZAJE ESTADÍSTICO,5,77,"6,49",G,APRENDIZAJE ESTADÍSTICO,2020,0S,"8,03"
ESTG1056,DATOS NO ESTRUCTURADOS,2,62,"3,23",G,DATOS NO ESTRUCTURADOS,2020,0S,"8,05"
ESTG1057,SIMULACIÓN MATEMÁTICA,19,140,"13,57",G,SIMULACIÓN MATEMÁTICA,2020,0S,"7,27"
ESTG1062,MATERIA INTEGRADORA DE ESTADÍSTICA,2,76,"2,63",T,MATERIA INTEGRADORA DE ESTADÍSTICA,2020,0S,"9,57"
ESTG1063,BIOESTADÍSTICA,19,536,"3,54",G,BIOESTADÍSTICA,2020,0S,"8,15"
ESTG2004,ESTADÍSTICA,314,1522,"20,63",G,ESTADÍSTICA,2020,0S,"6,61"
ESTT3002,METROLOGÍA,0,46,"0,00",G,METROLOGÍA,2023,0S,"8,85"
ESTT3003,ESTADÍSTICA,0,16,"0,00",G,ESTADÍSTICA,2024,0S,"8,63"
EYAG1027,APLICACIONES ELECTRÓNICAS,140,683,"20,50",G,APLICACIONES ELECTRÓNICAS,2020,0S,"6,39"
EYAG1028,AUTOMATIZACIÓN DE PROCESOS INDUSTRIALES,19,318,"5,97",G,AUTOMATIZACIÓN DE PROCESOS INDUSTRIALES,2020,0S,"8,43"
EYAG1029,COMUNICACIONES INDUSTRIALES Y SISTEMAS SCADA,11,319,"3,45",G,COMUNICACIONES INDUSTRIALES Y SISTEMAS SCADA,2020,0S,"8,53"
EYAG1030,CONTROL AVANZADO,49,343,"14,29",G,CONTROL AVANZADO,2020,0S,"6,91"
EYAG1034,ELECTRÓNICA,69,620,"11,13",G,ELECTRÓNICA,2020,0S,"6,87"
EYAG1035,ELECTRÓNICA DE POTENCIA I,17,541,"3,14",G,ELECTRÓNICA DE POTENCIA I,2020,0S,"7,68"
EYAG1036,ELECTRÓNICA DE POTENCIA II,7,290,"2,41",G,ELECTRÓNICA DE POTENCIA II,2020,0S,"8,23"
EYAG1037,FUNDAMENTOS DE ELECTRICIDAD Y SISTEMAS DIGITALES,50,814,"6,14",G,FUNDAMENTOS DE ELECTRICIDAD Y SISTEMAS DIGITALES,2020,0S,"7,75"
EYAG1038,INSTRUMENTACIÓN INDUSTRIAL,9,793,"1,13",G,INSTRUMENTACIÓN INDUSTRIAL,2020,0S,"8,30"
EYAG1039,MATERIA INTEGRADORA DE ELECTRÓNICA Y AUTOMATIZACIÓN,20,334,"5,99",T,MATERIA INTEGRADORA DE ELECTRÓNICA Y AUTOMATIZACIÓN,2020,0S,"9,03"
EYAG1040,PRINCIPIOS DE ELECTRÓNICA,403,1594,"25,28",G,PRINCIPIOS DE ELECTRÓNICA,2020,0S,"6,19"
EYAG1041,PROGRAMACIÓN APLICADA A LA AUTOMATIZACIÓN,37,339,"10,91",G,PROGRAMACIÓN APLICADA A LA AUTOMATIZACIÓN,2020,0S,"7,33"
EYAG1042,ROBÓTICA INDUSTRIAL,13,294,"4,42",G,ROBÓTICA INDUSTRIAL,2020,0S,"7,88"
EYAG1043,SISTEMAS DE CONTROL,196,758,"25,86",G,SISTEMAS DE CONTROL,2020,0S,"6,37"
EYAG1044,SISTEMAS DIGITALES I,217,1798,"12,07",G,SISTEMAS DIGITALES I,2020,0S,"7,17"
EYAG1045,SISTEMAS DIGITALES II,101,452,"22,35",G,SISTEMAS DIGITALES II,2020,0S,"6,37"
EYAG1046,SISTEMAS EMBEBIDOS,57,1002,"5,69",G,SISTEMAS EMBEBIDOS,2020,0S,"7,97"
EYAT3001,INSTRUMENTACIÓN,0,20,"0,00",G,INSTRUMENTACIÓN,2023,0S,"8,44"
EYAT3002,CONTROL DE POTENCIA,0,20,"0,00",G,CONTROL DE POTENCIA,2024,0S,"8,08"
EYAT3003,CONTROLES INDUSTRIALES,0,20,"0,00",G,CONTROLES INDUSTRIALES,2024,0S,"9,12"
EYAT3004,CONTROL PROGRAMABLE,0,20,"0,00",G,CONTROL PROGRAMABLE,2024,0S,"8,18"
FISG1005,FÍSICA: MECÁNICA,3057,7895,"38,72",G,FÍSICA: MECÁNICA,2020,0S,"5,87"
FISG1006,FÍSICA: ELECTRICIDAD Y MAGNETISMO,770,3177,"24,24",G,FÍSICA: ELECTRICIDAD Y MAGNETISMO,2020,0S,"6,35"
FISG1007,FÍSICA: ELECTRÓNICA Y ÓPTICA,25,443,"5,64",G,FÍSICA: ELECTRÓNICA Y ÓPTICA,2020,0S,"7,33"
FISG1008,FÍSICA: TERMODINÁMICA Y ELECTRÓNICA,86,784,"10,97",G,FÍSICA: TERMODINÁMICA Y ELECTRÓNICA,2020,0S,"6,94"
FISG1009,FÍSICA: TERMODINÁMICA Y ÓPTICA,9,57,"15,79",G,FÍSICA: TERMODINÁMICA Y ÓPTICA,2020,0S,"6,72"
FISG2002,FÍSICA GENERAL,55,650,"8,46",G,FÍSICA GENERAL,2020,0S,"7,23"
GEOG1026,DEPÓSITOS MINERALES,6,58,"10,34",G,DEPÓSITOS MINERALES,2020,0S,"7,70"
GEOG1027,DISEÑO DE CAMPO GEOLÓGICO,6,72,"8,33",G,DISEÑO DE CAMPO GEOLÓGICO,2020,0S,"8,35"
GEOG1028,ESTRATIGRAFIA Y SEDIMENTACIÓN,1,53,"1,89",G,ESTRATIGRAFIA Y SEDIMENTACIÓN,2020,0S,"8,18"
GEOG1029,EVALUACIÓN DE YACIMIENTOS MINERALES,3,73,"4,11",G,EVALUACIÓN DE YACIMIENTOS MINERALES,2020,0S,"8,37"
GEOG1030,GEOLOGIA DE ECUADOR,1,84,"1,19",G,GEOLOGIA DE ECUADOR,2020,0S,"8,68"
GEOG1031,GEOLOGÍA DEL PETRÓLEO,0,55,"0,00",G,GEOLOGÍA DEL PETRÓLEO,2020,0S,"8,89"
GEOG1032,GEOLOGÍA ESTRUCTURAL,12,75,"16,00",G,GEOLOGÍA ESTRUCTURAL,2020,0S,"6,96"
GEOG1033,GEOLOGÍA GENERAL,8,61,"13,11",G,GEOLOGÍA GENERAL,2020,0S,"7,47"
GEOG1034,GEOMORFOLOGIA,2,60,"3,33",G,GEOMORFOLOGIA,2020,0S,"8,45"
GEOG1035,GEOQUIMICA,2,67,"2,99",G,GEOQUIMICA,2020,0S,"8,50"
GEOG1036,HIDROGEOLOGÍA,2,58,"3,45",G,HIDROGEOLOGÍA,2020,0S,"7,93"
GEOG1037,INGENIERÍA GEOLÓGICA,1,34,"2,94",G,INGENIERÍA GEOLÓGICA,2020,0S,"7,96"
GEOG1038,LEGISLACIÓN Y MITIGACIÓN AMBIENTAL,0,7,"0,00",G,LEGISLACIÓN Y MITIGACIÓN AMBIENTAL,2023,0S,"8,99"
GEOG1039,MATERIA INTEGRADORA DE GEOLOGÍA,7,84,"8,33",T,MATERIA INTEGRADORA DE GEOLOGÍA,2020,0S,"8,58"
GEOG1040,MÉTODOS GEOFÍSICOS,3,50,"6,00",G,MÉTODOS GEOFÍSICOS,2020,0S,"7,93"
GEOG1041,MINERALOGÍA,64,201,"31,84",G,MINERALOGÍA,2020,0S,"5,77"
GEOG1042,MINERALOGÍA ÓPTICA,12,69,"17,39",G,MINERALOGÍA ÓPTICA,2020,0S,"7,31"
GEOG1044,PALEONTOLOGÍA APLICADA,3,53,"5,66",G,PALEONTOLOGÍA APLICADA,2020,0S,"8,01"
GEOG1045,PETROLOGIA SEDIMENTARIA,3,59,"5,08",G,PETROLOGIA SEDIMENTARIA,2020,0S,"7,46"
GEOG1046,PETROLOGÍA ÍGNEA Y METAMÓRFICA,0,55,"0,00",G,PETROLOGÍA ÍGNEA Y METAMÓRFICA,2020,0S,"8,46"
GEOG1047,SISTEMAS DE INFORMACIÓN GEOGRÁFICA,39,579,"6,74",G,SISTEMAS DE INFORMACIÓN GEOGRÁFICA,2020,0S,"7,71"
GEOG1048,TECTONICA,1,61,"1,64",G,TECTONICA,2020,0S,"8,00"
GEOG1050,VULNERABILIDAD Y RIESGO GEOLÓGICO,4,80,"5,00",G,VULNERABILIDAD Y RIESGO GEOLÓGICO,2020,0S,"7,89"
GEOG1051,MECÁNICA DE MATERIALES GEOLÓGICOS,3,51,"5,88",G,MECÁNICA DE MATERIALES GEOLÓGICOS,2020,0S,"7,74"
GEOG1052,GEOLOGÍA PARA INGENIEROS EN PETRÓLEO,1,76,"1,32",G,GEOLOGÍA PARA INGENIEROS EN PETRÓLEO,2020,0S,"8,61"
HISG2002,INTRODUCCIÓN A LA HISTORIA Y ETNOHISTORIA,19,501,"3,79",G,INTRODUCCIÓN A LA HISTORIA Y ETNOHISTORIA,2020,0S,"7,98"
IDIG1006,INGLÉS I,493,4734,"10,41",G,INGLÉS I,2020,0S,"7,16"
IDIG1007,INGLÉS II,335,4572,"7,33",G,INGLÉS II,2020,0S,"7,28"
IDIG1008,INGLÉS III,318,4624,"6,88",G,INGLÉS III,2020,0S,"7,62"
IDIG1009,INGLÉS IV,249,4666,"5,34",G,INGLÉS IV,2020,0S,"7,53"
IDIG1010,INGLÉS V,338,4639,"7,29",G,INGLÉS V,2020,0S,"7,39"
IDIG1802,INGLÉS I,9,36,"25,00",G,INGLÉS I,2024,0S,"6,87"
IDIG1806,INGLÉS II,1,11,"9,09",G,INGLÉS II,2025,0S,"6,78"
IDIG2012,COMUNICACIÓN,275,6355,"4,33",G,COMUNICACIÓN,2020,0S,"7,98"
IDIT3002,COMUNICACIÓN,0,60,"0,00",G,COMUNICACIÓN,2023,0S,"8,90"
IDIT3003,INGLÉS TÉCNICO I,0,16,"0,00",G,INGLÉS TÉCNICO I,2024,0S,"8,49"
IDIT3004,INGLÉS TÉCNICO II,0,16,"0,00",G,INGLÉS TÉCNICO II,2024,0S,"9,75"
INDG1033,ANÁLISIS Y RESOLUCIÓN DE PROBLEMAS,242,9096,"2,66",G,ANÁLISIS Y RESOLUCIÓN DE PROBLEMAS,2020,0S,"8,46"
INDG1034,ANÁLISIS DE VALOR DE PRODUCTO,5,436,"1,15",G,ANÁLISIS DE VALOR DE PRODUCTO,2020,0S,"8,35"
INDG1035,DISEÑO DE PLANTAS,25,462,"5,41",G,DISEÑO DE PLANTAS,2020,0S,"7,77"
INDG1037,GESTIÓN DE LA CADENA DE SUMINISTRO SOSTENIBLE,25,415,"6,02",G,GESTIÓN DE LA CADENA DE SUMINISTRO SOSTENIBLE,2020,0S,"7,50"
INDG1039,INGENIERÍA DE MÉTODOS,7,336,"2,08",G,INGENIERÍA DE MÉTODOS,2020,0S,"8,02"
INDG1040,INTRODUCCIÓN A LA INGENIERÍA INDUSTRIAL,5,376,"1,33",G,INTRODUCCIÓN A LA INGENIERÍA INDUSTRIAL,2020,0S,"7,94"
INDG1041,INVESTIGACIÓN DE OPERACIONES,46,390,"11,79",G,INVESTIGACIÓN DE OPERACIONES,2020,0S,"7,19"
INDG1042,LOGÍSTICA Y SERVICIO AL CLIENTE,12,391,"3,07",G,LOGÍSTICA Y SERVICIO AL CLIENTE,2020,0S,"7,54"
INDG1043,MATERIA INTEGRADORA DE INGENIERÍA INDUSTRIAL,41,446,"9,19",T,MATERIA INTEGRADORA DE INGENIERÍA INDUSTRIAL,2020,0S,"8,20"
INDG1044,METODOLOGÍAS PARA LA MEJORA CONTINUA,9,367,"2,45",G,METODOLOGÍAS PARA LA MEJORA CONTINUA,2020,0S,"8,03"
INDG1045,MODELOS ESTOCÁSTICOS PARA MANUFACTURA Y SERVICIOS,45,369,"12,20",G,MODELOS ESTOCÁSTICOS PARA MANUFACTURA Y SERVICIOS,2020,0S,"7,47"
INDG1046,MÉTODOS DE ANALÍTICA PARA LA INDUSTRIA,5,319,"1,57",G,MÉTODOS DE ANALÍTICA PARA LA INDUSTRIA,2020,0S,"8,51"
INDG1047,PLANIFICACIÓN DE LA PRODUCCIÓN,39,396,"9,85",G,PLANIFICACIÓN DE LA PRODUCCIÓN,2020,0S,"7,25"
INDG1048,PROYECTOS INDUSTRIALES,6,514,"1,17",G,PROYECTOS INDUSTRIALES,2020,0S,"8,24"
INDG1051,PROGRAMACIÓN ENTERA PARA INGENIERÍA,23,389,"5,91",G,PROGRAMACIÓN ENTERA PARA INGENIERÍA,2020,0S,"7,51"
INDG1052,SIMULACIÓN,7,427,"1,64",G,SIMULACIÓN,2020,0S,"7,95"
INDG1053,SISTEMAS DE CONTROL DE PRODUCCIÓN,95,461,"20,61",G,SISTEMAS DE CONTROL DE PRODUCCIÓN,2020,0S,"6,78"
INDG1054,SEGURIDAD Y SALUD OCUPACIONAL,4,346,"1,16",G,SEGURIDAD Y SALUD OCUPACIONAL,2020,0S,"8,28"
INDG1055,PROCESOS INDUSTRIALES,4,361,"1,11",G,PROCESOS INDUSTRIALES,2020,0S,"8,11"
INDG1056,PRONÓSTICO Y CONTROL DE INVENTARIO,68,410,"16,59",G,PRONÓSTICO Y CONTROL DE INVENTARIO,2020,0S,"6,94"
INDG1057,INGENIERÍA DE LA CALIDAD,26,775,"3,35",G,INGENIERÍA DE LA CALIDAD,2020,0S,"7,84"
INDG1058,SISTEMAS Y PROGRAMACIÓN DE PRODUCCIÓN,6,276,"2,17",G,SISTEMAS Y PROGRAMACIÓN DE PRODUCCIÓN,2020,0S,"8,02"
INDG1060,ADMINISTRACIÓN LOGÍSTICA,4,477,"0,84",G,ADMINISTRACIÓN LOGÍSTICA,2020,0S,"8,01"
INDG1061,HSEQ EN LA INDUSTRIA HIDROCARBURÍFERA,1,39,"2,56",G,HSEQ EN LA INDUSTRIA HIDROCARBURÍFERA,2020,0S,"8,98"
INDG1801,ANÁLISIS Y RESOLUCIÓN DE PROBLEMAS,20,68,"29,41",G,ANÁLISIS Y RESOLUCIÓN DE PROBLEMAS,2024,0S,"6,99"
INDT3002,SEGURIDAD Y SALUD OCUPACIONAL,0,62,"0,00",G,SEGURIDAD Y SALUD OCUPACIONAL,2023,0S,"8,83"
JURG2004,DERECHO ECONÓMICO,3,424,"0,71",G,DERECHO ECONÓMICO,2020,0S,"8,08"
JURG2005,DERECHO SOCIETARIO Y LABORAL,11,835,"1,32",G,DERECHO SOCIETARIO Y LABORAL,2020,0S,"8,84"
JURG2006,DERECHO TRIBUTARIO,8,485,"1,65",G,DERECHO TRIBUTARIO,2020,0S,"8,39"
LOGG1016,TRANSPORTE MULTIMODAL,2,194,"1,03",G,TRANSPORTE MULTIMODAL,2020,0S,"8,93"
LOGG1017,LOGÍSTICA I,4,91,"4,40",G,LOGÍSTICA I,2020,0S,"7,50"
LOGG1018,LOGÍSTICA II,7,108,"6,48",G,LOGÍSTICA II,2020,0S,"7,50"
LOGG1019,SISTEMAS DE TRANSPORTE,9,143,"6,29",G,SISTEMAS DE TRANSPORTE,2020,0S,"7,73"
LOGG1020,MODELIZACIÓN DEL TRANSPORTE,32,159,"20,13",G,MODELIZACIÓN DEL TRANSPORTE,2020,0S,"6,45"
LOGG1021,GESTIÓN DE BODEGAS Y ABASTECIMIENTO,5,134,"3,73",G,GESTIÓN DE BODEGAS Y ABASTECIMIENTO,2020,0S,"7,24"
LOGG1022,TRANSPORTE URBANO,8,99,"8,08",G,TRANSPORTE URBANO,2020,0S,"7,14"
LOGG1023,PRESUPUESTOS Y PROYECTOS LOGÍSTICOS,12,100,"12,00",G,PRESUPUESTOS Y PROYECTOS LOGÍSTICOS,2021,0S,"7,20"
LOGG1024,INGENIERÍA DE TRÁNSITO,10,133,"7,52",G,INGENIERÍA DE TRÁNSITO,2020,0S,"6,89"
LOGG1027,MATERIA INTEGRADORA DE LOGÍSTICA Y TRANSPORTE,27,210,"12,86",T,MATERIA INTEGRADORA DE LOGÍSTICA Y TRANSPORTE,2020,0S,"8,04"
LOGT3002,INGRESO Y SALIDA DE NAVES,0,16,"0,00",G,INGRESO Y SALIDA DE NAVES,2024,0S,"9,26"
LOGT3005,TRANSPORTE MULTIMODAL,0,16,"0,00",G,TRANSPORTE MULTIMODAL,2025,0S,"8,71"
LOGT3006,CIENCIAS NÁUTICAS,0,16,"0,00",G,CIENCIAS NÁUTICAS,2024,0S,"9,90"
LOGT3007,SEGURIDAD MARÍTIMA,0,16,"0,00",G,SEGURIDAD MARÍTIMA,2024,0S,"8,94"
LOGT3009,GESTIÓN MARÍTIMA PORTUARIA,0,16,"0,00",G,GESTIÓN MARÍTIMA PORTUARIA,2024,0S,"8,58"
LOGT3010,TRANSPORTE MARÍTIMO,0,16,"0,00",G,TRANSPORTE MARÍTIMO,2024,0S,"8,67"
LOGT3011,OPERACIONES Y SERVICIOS PORTUARIOS,0,16,"0,00",G,OPERACIONES Y SERVICIOS PORTUARIOS,2024,0S,"9,50"
LOGT3012,TRÁFICO MARÍTIMO,0,16,"0,00",G,TRÁFICO MARÍTIMO,2025,0S,"7,54"
LOGT3013,LOGÍSTICA PORTUARIA,0,16,"0,00",G,LOGÍSTICA PORTUARIA,2025,0S,"8,59"
LOGT3014,MATERIA INTEGRADORA DE TECNOLOGÍA EN LOGÍSTICA PORTUARIA,0,16,"0,00",T,MATERIA INTEGRADORA DE TECNOLOGÍA EN LOGÍSTICA PORTUARIA,2025,0S,"8,59"
MATG1045,CÁLCULO DE UNA VARIABLE,4386,10339,"42,42",G,CÁLCULO DE UNA VARIABLE,2020,0S,"5,97"
MATG1046,CÁLCULO VECTORIAL,1810,5531,"32,72",G,CÁLCULO VECTORIAL,2020,0S,"6,27"
MATG1047,CÁLCULO DE VARIAS VARIABLES,432,2221,"19,45",G,CÁLCULO DE VARIAS VARIABLES,2020,0S,"6,78"
MATG1048,ECUACIONES DIFERENCIALES Y ÁLGEBRA LINEAL,300,1572,"19,08",G,ECUACIONES DIFERENCIALES Y ÁLGEBRA LINEAL,2020,0S,"6,88"
MATG1049,ÁLGEBRA LINEAL,1349,4248,"31,76",G,ÁLGEBRA LINEAL,2020,0S,"6,16"
MATG1050,ECUACIONES DIFERENCIALES,659,2222,"29,66",G,ECUACIONES DIFERENCIALES,2020,0S,"6,27"
MATG1051,MATEMÁTICAS DISCRETAS,611,1556,"39,27",G,MATEMÁTICAS DISCRETAS,2020,0S,"5,57"
MATG1052,MÉTODOS NUMÉRICOS,100,994,"10,06",G,MÉTODOS NUMÉRICOS,2020,0S,"7,52"
MATG1053,MATEMÁTICA APLICADA A LA INGENIERÍA,118,988,"11,94",G,MATEMÁTICA APLICADA A LA INGENIERÍA,2020,0S,"7,07"
MATG1054,MATEMÁTICAS SUPERIORES,66,662,"9,97",G,MATEMÁTICAS SUPERIORES,2020,0S,"7,26"
MATG1055,MATEMÁTICAS AVANZADAS,15,360,"4,17",G,MATEMÁTICAS AVANZADAS,2020,0S,"8,24"
MATG1056,INTRODUCCIÓN AL RAZONAMIENTO MATEMÁTICO,72,232,"31,03",G,INTRODUCCIÓN AL RAZONAMIENTO MATEMÁTICO,2020,0S,"6,38"
MATG1057,OPTIMIZACIÓN LINEAL,5,124,"4,03",G,OPTIMIZACIÓN LINEAL,2020,0S,"7,34"
MATG1058,OPTIMIZACIÓN NUMÉRICA,31,211,"14,69",G,OPTIMIZACIÓN NUMÉRICA,2020,0S,"7,00"
MATG1059,OPTIMIZACIÓN COMBINATORIA,9,163,"5,52",G,OPTIMIZACIÓN COMBINATORIA,2020,0S,"7,54"
MATG1060,OPTIMIZACIÓN NO LINEAL Y ESTOCÁSTICA,4,129,"3,10",G,OPTIMIZACIÓN NO LINEAL Y ESTOCÁSTICA,2020,0S,"8,35"
MATG1061,METAHEURÍSTICAS,22,173,"12,72",G,METAHEURÍSTICAS,2020,0S,"6,93"
MATG1062,GEOMETRÍA AXIOMÁTICA,62,223,"27,80",G,GEOMETRÍA AXIOMÁTICA,2020,0S,"6,47"
MATG1063,CÁLCULO I,66,215,"30,70",G,CÁLCULO I,2020,0S,"6,64"
MATG1064,CÁLCULO II,57,193,"29,53",G,CÁLCULO II,2020,0S,"6,24"
MATG1065,ANÁLISIS DISCRETO,48,161,"29,81",G,ANÁLISIS DISCRETO,2020,0S,"6,35"
MATG1066,ÁLGEBRA LINEAL I,129,374,"34,49",G,ÁLGEBRA LINEAL I,2020,0S,"5,75"
MATG1067,ÁLGEBRA LINEAL II,12,114,"10,53",G,ÁLGEBRA LINEAL II,2020,0S,"7,18"
MATG1068,ECUACIONES DIFERENCIALES I,23,105,"21,90",G,ECUACIONES DIFERENCIALES I,2020,0S,"6,52"
MATG1069,ECUACIONES DIFERENCIALES II,3,58,"5,17",G,ECUACIONES DIFERENCIALES II,2020,0S,"7,87"
MATG1070,ANÁLISIS MATEMÁTICO I,24,108,"22,22",G,ANÁLISIS MATEMÁTICO I,2020,0S,"6,87"
MATG1071,ANÁLISIS MATEMÁTICO II,20,88,"22,73",G,ANÁLISIS MATEMÁTICO II,2020,0S,"6,70"
MATG1072,FUNDAMENTOS DE OPTIMIZACIÓN,10,98,"10,20",G,FUNDAMENTOS DE OPTIMIZACIÓN,2020,0S,"7,94"
MATG1073,ESTRUCTURAS ALGEBRAICAS,49,110,"44,55",G,ESTRUCTURAS ALGEBRAICAS,2020,0S,"5,58"
MATG1074,TOPOLOGÍA,4,66,"6,06",G,TOPOLOGÍA,2021,0S,"7,69"
MATG1075,MÉTODOS MATEMÁTICOS PARA LAS CIENCIAS,4,61,"6,56",G,MÉTODOS MATEMÁTICOS PARA LAS CIENCIAS,2020,0S,"7,56"
MATG1076,ANÁLISIS NUMÉRICO,13,84,"15,48",G,ANÁLISIS NUMÉRICO,2020,0S,"6,89"
MATG1077,TEORÍA DE LA MEDIDA,14,72,"19,44",G,TEORÍA DE LA MEDIDA,2020,0S,"6,60"
MATG1078,ANÁLISIS COMPLEJO,23,70,"32,86",G,ANÁLISIS COMPLEJO,2021,0S,"5,97"
MATG1079,ANÁLISIS FUNCIONAL,7,53,"13,21",G,ANÁLISIS FUNCIONAL,2021,0S,"7,01"
MATG1080,GEOMETRÍA DIFERENCIAL,2,53,"3,77",G,GEOMETRÍA DIFERENCIAL,2020,0S,"7,96"
MATG1082,ELEMENTOS DE COMPUTACIÓN CIENTÍFICA,2,58,"3,45",G,ELEMENTOS DE COMPUTACIÓN CIENTÍFICA,2020,0S,"8,08"
MATG1086,MATERIA INTEGRADORA DE MATEMÁTICA,0,42,"0,00",T,MATERIA INTEGRADORA DE MATEMÁTICA,2021,0S,"9,01"
MATG1801,CÁLCULO DE UNA VARIABLE,31,81,"38,27",G,CÁLCULO DE UNA VARIABLE,2024,0S,"5,75"
MATG1802,CÁLCULO VECTORIAL,0,9,"0,00",G,CÁLCULO VECTORIAL,2025,0S,"7,45"
MATG1803,ÁLGEBRA LINEAL,18,59,"30,51",G,ÁLGEBRA LINEAL,2024,0S,"5,99"
MATG2007,MATEMÁTICAS,182,1142,"15,94",G,MATEMÁTICAS,2020,0S,"7,03"
MATG2008,MATEMÁTICAS FINANCIERAS,1041,3286,"31,68",G,MATEMÁTICAS FINANCIERAS,2020,0S,"6,01"
MATG2009,MATEMÁTICAS,177,1351,"13,10",G,MATEMÁTICAS,2020,0S,"7,14"
MATT3002,MATEMÁTICAS,0,16,"0,00",G,MATEMÁTICAS,2023,0S,"7,63"
MCTG1011,ACTUADORES MECATRÓNICOS,5,503,"0,99",G,ACTUADORES MECATRÓNICOS,2020,0S,"8,73"
MCTG1012,DISEÑO DE ELEMENTOS DE MÁQUINAS,143,637,"22,45",G,DISEÑO DE ELEMENTOS DE MÁQUINAS,2020,0S,"6,69"
MCTG1013,DISEÑO MECATRÓNICO,17,404,"4,21",G,DISEÑO MECATRÓNICO,2020,0S,"7,52"
MCTG1014,DISEÑO Y MANUFACTURA ASISTIDA POR COMPUTADORA,2,428,"0,47",G,DISEÑO Y MANUFACTURA ASISTIDA POR COMPUTADORA,2020,0S,"8,29"
MCTG1015,DISEÑO Y SIMULACIÓN DE MÁQUINAS,2,435,"0,46",G,DISEÑO Y SIMULACIÓN DE MÁQUINAS,2020,0S,"8,31"
MCTG1016,HIDRÁULICA Y NEUMÁTICA,2,354,"0,56",G,HIDRÁULICA Y NEUMÁTICA,2021,0S,"8,68"
MCTG1017,INTRODUCCIÓN A LA MANUFACTURA,11,482,"2,28",G,INTRODUCCIÓN A LA MANUFACTURA,2020,0S,"8,05"
MCTG1019,SISTEMAS BIOMECATRÓNICOS,5,335,"1,49",G,SISTEMAS BIOMECATRÓNICOS,2021,0S,"7,68"
MCTG1020,SISTEMAS FLEXIBLES DE MANUFACTURA,22,415,"5,30",G,SISTEMAS FLEXIBLES DE MANUFACTURA,2020,0S,"7,78"
MCTG1021,ROBOTS MÓVILES Y ARTICULADOS,29,458,"6,33",G,ROBOTS MÓVILES Y ARTICULADOS,2020,0S,"7,61"
MCTG1022,SISTEMAS DE MONITOREO Y CONTROL INDUSTRIAL,7,454,"1,54",G,SISTEMAS DE MONITOREO Y CONTROL INDUSTRIAL,2020,0S,"8,65"
MCTG1028,MATERIA INTEGRADORA DE MECATRÓNICA,12,352,"3,41",T,MATERIA INTEGRADORA DE MECATRÓNICA,2020,0S,"8,69"
MCTT3011,OLEOHIDRÁULICA Y NEUMÁTICA,0,20,"0,00",G,OLEOHIDRÁULICA Y NEUMÁTICA,2024,0S,"7,64"
MCTT3014,MANTENIMIENTO,0,20,"0,00",G,MANTENIMIENTO,2024,0S,"9,16"
MCTT3015,MONTAJE,0,20,"0,00",G,MONTAJE,2024,0S,"9,38"
MCTT3017,MATERIA INTEGRADORA DE TECNOLOGÍA,1,21,"4,76",T,MATERIA INTEGRADORA DE TECNOLOGÍA,2024,0S,"8,47"
MECG1041,DIBUJO PARA INGENIERÍA,236,1668,"14,15",G,DIBUJO PARA INGENIERÍA,2020,0S,"7,25"
MECG1042,DINÁMICA,103,573,"17,98",G,DINÁMICA,2020,0S,"6,83"
MECG1043,DISEÑO DE SISTEMAS MECÁNICOS,23,568,"4,05",G,DISEÑO DE SISTEMAS MECÁNICOS,2020,0S,"7,57"
MECG1044,DISEÑO DE SISTEMAS TERMOFLUIDOS,22,510,"4,31",G,DISEÑO DE SISTEMAS TERMOFLUIDOS,2020,0S,"7,49"
MECG1045,DISEÑO MECÁNICO,45,577,"7,80",G,DISEÑO MECÁNICO,2020,0S,"7,24"
MECG1046,INSTRUMENTACIÓN,47,475,"9,89",G,INSTRUMENTACIÓN,2020,0S,"6,94"
MECG1047,INTRODUCCIÓN A LA INGENIERÍA MECÁNICA,39,544,"7,17",G,INTRODUCCIÓN A LA INGENIERÍA MECÁNICA,2020,0S,"8,11"
MECG1048,MANTENIMIENTO INDUSTRIAL,18,648,"2,78",G,MANTENIMIENTO INDUSTRIAL,2020,0S,"8,00"
MECG1049,MECÁNICA DE FLUIDOS,275,1455,"18,90",G,MECÁNICA DE FLUIDOS,2020,0S,"6,79"
MECG1050,MECÁNICA DE SÓLIDOS,90,602,"14,95",G,MECÁNICA DE SÓLIDOS,2020,0S,"6,97"
MECG1051,MECÁNICA DE MAQUINARIA,240,1157,"20,74",G,MECÁNICA DE MAQUINARIA,2020,0S,"6,49"
MECG1052,MECÁNICA VECTORIAL,371,1387,"26,75",G,MECÁNICA VECTORIAL,2020,0S,"6,56"
MECG1053,PROCESOS DE MANUFACTURA,26,555,"4,68",G,PROCESOS DE MANUFACTURA,2020,0S,"6,96"
MECG1054,TERMOFLUIDOS,152,1168,"13,01",G,TERMOFLUIDOS,2020,0S,"7,15"
MECG1055,SISTEMAS DE CONTROL APLICADOS,178,1222,"14,57",G,SISTEMAS DE CONTROL APLICADOS,2020,0S,"6,80"
MECG1056,TURBOMAQUINARIA Y PLANTAS DE POTENCIA,52,418,"12,44",G,TURBOMAQUINARIA Y PLANTAS DE POTENCIA,2020,0S,"6,72"
MECG1057,PROCESOS DE MECANIZACIÓN,48,464,"10,34",G,PROCESOS DE MECANIZACIÓN,2020,0S,"7,36"
MECG1058,TRANSFERENCIA DE CALOR,105,584,"17,98",G,TRANSFERENCIA DE CALOR,2020,0S,"6,50"
MECG1059,TALLER MECÁNICO,29,508,"5,71",G,TALLER MECÁNICO,2020,0S,"7,82"
MECG1060,ESTÁTICA,90,1101,"8,17",G,ESTÁTICA,2020,0S,"7,47"
MECG1061,TERMODINÁMICA,61,612,"9,97",G,TERMODINÁMICA,2020,0S,"7,37"
MECG1064,TERMODINÁMICA I,26,418,"6,22",G,TERMODINÁMICA I,2020,0S,"7,51"
MECG1065,TERMODINÁMICA II,37,416,"8,89",G,TERMODINÁMICA II,2020,0S,"7,08"
MECG1066,MATERIA INTEGRADORA DE MECÁNICA,32,617,"5,19",T,MATERIA INTEGRADORA DE MECÁNICA,2020,0S,"8,56"
MECG1067,REOLOGÍA DE FLUIDOS,24,299,"8,03",G,REOLOGÍA DE FLUIDOS,2020,0S,"7,30"
MECG1068,TRANSFERENCIA DE CALOR Y MASA,20,272,"7,35",G,TRANSFERENCIA DE CALOR Y MASA,2020,0S,"7,27"
MECT3001,PROCESOS DE MANUFACTURA,0,20,"0,00",G,PROCESOS DE MANUFACTURA,2024,0S,"8,33"
MECT3002,ENSAMBLAJE,0,20,"0,00",G,ENSAMBLAJE,2024,0S,"7,49"
MECT3003,DIBUJO TÉCNICO,0,46,"0,00",G,DIBUJO TÉCNICO,2023,0S,"8,35"
MECT3004,TALLER BÁSICO,0,20,"0,00",G,TALLER BÁSICO,2023,0S,"8,06"
MECT3005,ELEMENTOS DE MÁQUINAS,0,20,"0,00",G,ELEMENTOS DE MÁQUINAS,2023,0S,"8,43"
MEDG1015,BIOGEOGRAFÍA,1,167,"0,60",G,BIOGEOGRAFÍA,2020,0S,"9,54"
MEDG1017,BOTÁNICA GENERAL,21,282,"7,45",G,BOTÁNICA GENERAL,2020,0S,"7,43"
MEDG1018,BOTÁNICA SISTEMÁTICA,4,173,"2,31",G,BOTÁNICA SISTEMÁTICA,2020,0S,"8,51"
MEDG1019,EMBRIOLOGÍA,0,197,"0,00",G,EMBRIOLOGÍA,2020,0S,"8,65"
MEDG1020,ENTOMOLOGÍA,4,205,"1,95",G,ENTOMOLOGÍA,2020,0S,"8,64"
MEDG1021,EVOLUCIÓN,0,171,"0,00",G,EVOLUCIÓN,2020,0S,"8,85"
MEDG1022,GENOTECNIA,1,43,"2,33",G,GENOTECNIA,2020,0S,"8,49"
MEDG1023,GENÉTICA,0,232,"0,00",G,GENÉTICA,2020,0S,"9,61"
MEDG1024,INMUNOLOGÍA,3,156,"1,92",G,INMUNOLOGÍA,2020,0S,"7,59"
MEDG1025,ZOOLOGÍA DE VERTEBRADOS,4,169,"2,37",G,ZOOLOGÍA DE VERTEBRADOS,2020,0S,"8,84"
MEDG1026,ZOOLOGÍA DE INVERTEBRADOS,4,183,"2,19",G,ZOOLOGÍA DE INVERTEBRADOS,2020,0S,"8,46"
MEDG2012,ANTROPOLOGÍA NUTRICIONAL,5,491,"1,02",G,ANTROPOLOGÍA NUTRICIONAL,2020,0S,"8,27"
MEDG2013,ANÁLISIS NUTRICIONAL DE LOS ALIMENTOS,19,355,"5,35",G,ANÁLISIS NUTRICIONAL DE LOS ALIMENTOS,2020,0S,"7,67"
MEDG2014,CONSEJERÍA NUTRICIONAL,3,238,"1,26",G,CONSEJERÍA NUTRICIONAL,2020,0S,"8,09"
MEDG2015,EPIDEMIOLOGÍA Y SALUD PÚBLICA,0,282,"0,00",G,EPIDEMIOLOGÍA Y SALUD PÚBLICA,2020,0S,"9,32"
MEDG2016,FARMACOLOGÍA Y NUTRICIÓN,2,351,"0,57",G,FARMACOLOGÍA Y NUTRICIÓN,2020,0S,"8,50"
MEDG2017,LEGISLACIÓN Y SOBERANÍA ALIMENTARIA,47,465,"10,11",G,LEGISLACIÓN Y SOBERANÍA ALIMENTARIA,2020,0S,"7,06"
MEDG2018,MORFOFISIOLOGÍA HUMANA I,7,389,"1,80",G,MORFOFISIOLOGÍA HUMANA I,2020,0S,"8,72"
MEDG2019,MORFOFISIOLOGÍA HUMANA II,11,356,"3,09",G,MORFOFISIOLOGÍA HUMANA II,2020,0S,"8,29"
MEDG2020,SALUD COMUNITARIA,4,288,"1,39",G,SALUD COMUNITARIA,2020,0S,"8,49"
MING1023,AMBIENTE Y GESTIÓN DE RESIDUOS MINEROS,0,65,"0,00",G,AMBIENTE Y GESTIÓN DE RESIDUOS MINEROS,2020,0S,"8,26"
MING1024,EXPLOTACIÓN SUBTERRÁNEA,1,44,"2,27",G,EXPLOTACIÓN SUBTERRÁNEA,2020,0S,"8,08"
MING1025,FUNDAMENTOS DE MINERÍA,2,51,"3,92",G,FUNDAMENTOS DE MINERÍA,2020,0S,"8,06"
MING1026,GEOMÁTICA MINERA,3,24,"12,50",G,GEOMÁTICA MINERA,2020,0S,"7,30"
MING1027,GEOTECNIA MINERA,2,43,"4,65",G,GEOTECNIA MINERA,2020,0S,"7,52"
MING1029,MINERALURGIA Y METALURGIA EXTRACTIVA,1,49,"2,04",G,MINERALURGIA Y METALURGIA EXTRACTIVA,2020,0S,"7,43"
MING1030,PERFORACIÓN Y VOLADURA,1,48,"2,08",G,PERFORACIÓN Y VOLADURA,2020,0S,"8,57"
MING1031,PLANEAMIENTO Y DISEÑO MINERO,0,64,"0,00",G,PLANEAMIENTO Y DISEÑO MINERO,2020,0S,"8,08"
MING1032,"VENTILACIÓN, DRENAJE Y SISTEMAS ELÉCTRICOS",0,50,"0,00",G,"VENTILACIÓN, DRENAJE Y SISTEMAS ELÉCTRICOS",2020,0S,"8,47"
MING1033,TOPOGRAFÍA MINERA,3,41,"7,32",G,TOPOGRAFÍA MINERA,2021,0S,"8,10"
MING1034,GEOLOGÍA MINERA,0,51,"0,00",G,GEOLOGÍA MINERA,2020,0S,"8,64"
MING1035,GEOMECÁNICA,3,38,"7,89",G,GEOMECÁNICA,2020,0S,"7,52"
MING1036,PETROGRAFÍA,1,49,"2,04",G,PETROGRAFÍA,2020,0S,"8,80"
MING1037,SEGURIDAD MINERA,0,35,"0,00",G,SEGURIDAD MINERA,2020,0S,"8,60"
MING1038,TECNOLOGÍA DE EQUIPAMIENTOS MINEROS,1,40,"2,50",G,TECNOLOGÍA DE EQUIPAMIENTOS MINEROS,2020,0S,"8,63"
MING1039,MATERIA INTEGRADORA DE MINAS,8,71,"11,27",T,MATERIA INTEGRADORA DE MINAS,2020,0S,"8,38"
MING1040,EXPLOTACIÓN A CIELO ABIERTO,0,53,"0,00",G,EXPLOTACIÓN A CIELO ABIERTO,2020,0S,"8,61"
MING1041,PREPARACIÓN MECÁNICA,1,32,"3,13",G,PREPARACIÓN MECÁNICA,2020,0S,"7,04"
MTRG1023,ANÁLISIS DE FALLAS Y SELECCIÓN DE MATERIALES,1,41,"2,44",G,ANÁLISIS DE FALLAS Y SELECCIÓN DE MATERIALES,2022,0S,"7,83"
MTRG1024,CIENCIA E INGENIERÍA DE MATERIALES,27,443,"6,09",G,CIENCIA E INGENIERÍA DE MATERIALES,2020,0S,"7,45"
MTRG1025,COMPORTAMIENTO MECÁNICO,11,62,"17,74",G,COMPORTAMIENTO MECÁNICO,2020,0S,"6,94"
MTRG1026,CORROSIÓN Y DEGRADACIÓN DE MATERIALES,0,39,"0,00",G,CORROSIÓN Y DEGRADACIÓN DE MATERIALES,2021,0S,"7,30"
MTRG1027,DISEÑO DE MATERIALES COMPUESTOS,2,41,"4,88",G,DISEÑO DE MATERIALES COMPUESTOS,2022,0S,"7,67"
MTRG1028,ESTRUCTURA Y CARACTERIZACIÓN DE MATERIALES,7,66,"10,61",G,ESTRUCTURA Y CARACTERIZACIÓN DE MATERIALES,2020,0S,"7,73"
MTRG1029,INGENIERÍA DE CERÁMICOS,1,51,"1,96",G,INGENIERÍA DE CERÁMICOS,2021,0S,"7,45"
MTRG1030,INGENIERÍA DE METALES,1,48,"2,08",G,INGENIERÍA DE METALES,2021,0S,"7,72"
MTRG1031,INGENIERÍA DE POLÍMEROS,0,47,"0,00",G,INGENIERÍA DE POLÍMEROS,2021,0S,"8,77"
MTRG1032,INTRODUCCIÓN A LA INGENIERÍA EN MATERIALES,0,69,"0,00",G,INTRODUCCIÓN A LA INGENIERÍA EN MATERIALES,2020,0S,"7,81"
MTRG1034,MATERIA INTEGRADORA DE MATERIALES,0,33,"0,00",T,MATERIA INTEGRADORA DE MATERIALES,2022,0S,"8,18"
MTRG1036,SOLDADURA Y ENSAYOS NO DESTRUCTIVOS,0,43,"0,00",G,SOLDADURA Y ENSAYOS NO DESTRUCTIVOS,2021,0S,"7,83"
MTRG1037,PROPIEDADES  FUNCIONALES DE LOS  MATERIALES,6,48,"12,50",G,PROPIEDADES  FUNCIONALES DE LOS  MATERIALES,2021,0S,"6,59"
MTRG1038,SÍNTESIS DE MATERIALES,5,58,"8,62",G,SÍNTESIS DE MATERIALES,2020,0S,"7,51"
MTRG1039,TRANSFORMACIONES DE FASES,13,73,"17,81",G,TRANSFORMACIONES DE FASES,2020,0S,"6,73"
MTRG1040,TERMODINÁMICA DE MATERIALES,14,74,"18,92",G,TERMODINÁMICA DE MATERIALES,2020,0S,"7,03"
MTRG1041,NANOTECNOLOGÍA Y NANOMATERIALES,2,42,"4,76",G,NANOTECNOLOGÍA Y NANOMATERIALES,2021,0S,"7,34"
NAVG1025,CONSTRUCCIONES METÁLICAS DE BUQUES,7,108,"6,48",G,CONSTRUCCIONES METÁLICAS DE BUQUES,2020,0S,"7,55"
NAVG1027,DINÁMICA DEL BUQUE,10,98,"10,20",G,DINÁMICA DEL BUQUE,2020,0S,"6,95"
NAVG1028,DISEÑO DE BUQUES,14,105,"13,33",G,DISEÑO DE BUQUES,2020,0S,"6,60"
NAVG1029,ELECTRICIDAD Y ELECTRÓNICA PARA BUQUES,9,157,"5,73",G,ELECTRICIDAD Y ELECTRÓNICA PARA BUQUES,2020,0S,"8,67"
NAVG1030,ESTABILIDAD DEL BUQUE,48,127,"37,80",G,ESTABILIDAD DEL BUQUE,2020,0S,"5,86"
NAVG1031,ESTRUCTURA DEL BUQUE,142,252,"56,35",G,ESTRUCTURA DEL BUQUE,2020,0S,"4,56"
NAVG1032,FORMAS E HIDROSTÁTICA DEL BUQUE,96,186,"51,61",G,FORMAS E HIDROSTÁTICA DEL BUQUE,2020,0S,"4,75"
NAVG1033,GESTIÓN MARÍTIMA PORTUARIA,33,119,"27,73",G,GESTIÓN MARÍTIMA PORTUARIA,2020,0S,"6,33"
NAVG1034,MATERIA INTEGRADORA DE INGENIERÍA NAVAL,5,90,"5,56",T,MATERIA INTEGRADORA DE INGENIERÍA NAVAL,2020,0S,"8,74"
NAVG1035,TRANSPORTE MARÍTIMO,0,81,"0,00",G,TRANSPORTE MARÍTIMO,2020,0S,"8,03"
NAVG1037,MAQUINARIA MARÍTIMA II,6,88,"6,82",G,MAQUINARIA MARÍTIMA II,2020,0S,"7,04"
NAVG1038,RESISTENCIA Y PROPULSIÓN DE BUQUES,40,131,"30,53",G,RESISTENCIA Y PROPULSIÓN DE BUQUES,2020,0S,"6,01"
NAVG1039,MAQUINARIA MARÍTIMA I,17,121,"14,05",G,MAQUINARIA MARÍTIMA I,2020,0S,"7,08"
NAVG1040,MATERIALES EN MEDIOS MARINOS,54,185,"29,19",G,MATERIALES EN MEDIOS MARINOS,2020,0S,"6,47"
NAVG1041,VIBRACIONES MECÁNICAS,72,152,"47,37",G,VIBRACIONES MECÁNICAS,2020,0S,"5,04"
NAVG1042,ELEMENTOS FINITOS,14,114,"12,28",G,ELEMENTOS FINITOS,2020,0S,"6,88"
NAVT3001,SISTEMAS PORTUARIOS,0,16,"0,00",G,SISTEMAS PORTUARIOS,2023,0S,"7,20"
NAVT3002,INTRODUCCIÓN A LA LOGÍSTICA PORTUARIA,0,16,"0,00",G,INTRODUCCIÓN A LA LOGÍSTICA PORTUARIA,2023,0S,"7,85"
NAVT3003,ESTRUCTURA DE BUQUES,0,16,"0,00",G,ESTRUCTURA DE BUQUES,2024,0S,"9,07"
NUTG2026,BIOÉTICA,1,338,"0,30",G,BIOÉTICA,2020,0S,"8,69"
NUTG2027,DIETOTERAPIA AVANZADA,5,246,"2,03",G,DIETOTERAPIA AVANZADA,2020,0S,"8,38"
NUTG2028,DIETOTERAPIA BÁSICA,7,277,"2,53",G,DIETOTERAPIA BÁSICA,2020,0S,"8,70"
NUTG2029,EVALUACIÓN DEL ESTADO NUTRICIONAL I,3,289,"1,04",G,EVALUACIÓN DEL ESTADO NUTRICIONAL I,2020,0S,"8,31"
NUTG2030,EVALUACIÓN DEL ESTADO NUTRICIONAL II,5,252,"1,98",G,EVALUACIÓN DEL ESTADO NUTRICIONAL II,2020,0S,"8,05"
NUTG2031,MATERIA INTEGRADORA DE NUTRICIÓN Y DIETÉTICA,11,247,"4,45",T,MATERIA INTEGRADORA DE NUTRICIÓN Y DIETÉTICA,2020,0S,"8,63"
NUTG2032,NUTRICIÓN CLÍNICA I,12,298,"4,03",G,NUTRICIÓN CLÍNICA I,2020,0S,"7,52"
NUTG2033,NUTRICIÓN CLÍNICA II,9,248,"3,63",G,NUTRICIÓN CLÍNICA II,2020,0S,"7,80"
NUTG2034,NUTRICIÓN CLÍNICA III,2,194,"1,03",G,NUTRICIÓN CLÍNICA III,2020,0S,"8,77"
NUTG2035,NUTRICIÓN DEPORTIVA,2,232,"0,86",G,NUTRICIÓN DEPORTIVA,2020,0S,"8,05"
NUTG2036,NUTRICIÓN EN EL CICLO DE LA VIDA I,15,299,"5,02",G,NUTRICIÓN EN EL CICLO DE LA VIDA I,2020,0S,"7,59"
NUTG2037,NUTRICIÓN EN EL CICLO DE LA VIDA II,7,308,"2,27",G,NUTRICIÓN EN EL CICLO DE LA VIDA II,2020,0S,"7,97"
NUTG2038,TENDENCIAS EN NUTRICIÓN,3,238,"1,26",G,TENDENCIAS EN NUTRICIÓN,2020,0S,"8,90"
NUTG2039,SERVICIOS DE ALIMENTACIÓN,26,283,"9,19",G,SERVICIOS DE ALIMENTACIÓN,2020,0S,"7,22"
NUTG2040,TOXICOLOGÍA NUTRICIONAL Y ALIMENTARIA,2,240,"0,83",G,TOXICOLOGÍA NUTRICIONAL Y ALIMENTARIA,2020,0S,"8,66"
NUTG2041,NUTRICIÓN HUMANA Y METABOLISMO,9,317,"2,84",G,NUTRICIÓN HUMANA Y METABOLISMO,2020,0S,"8,20"
NUTG2042,TÉCNICAS DIETÉTICAS,31,340,"9,12",G,TÉCNICAS DIETÉTICAS,2020,0S,"7,23"
NUTG2043,TÉCNICAS CULINARIAS,84,648,"12,96",G,TÉCNICAS CULINARIAS,2020,0S,"7,22"
OCEG1028,ANÁLISIS DE INFORMACIÓN OCEANOGRÁFICA,1,61,"1,64",G,ANÁLISIS DE INFORMACIÓN OCEANOGRÁFICA,2020,0S,"8,15"
OCEG1029,BIOGEOQUÍMICA MARINA,0,49,"0,00",G,BIOGEOQUÍMICA MARINA,2020,0S,"7,87"
OCEG1030,CLIMATOLOGÍA Y METEOROLOGÍA,4,53,"7,55",G,CLIMATOLOGÍA Y METEOROLOGÍA,2020,0S,"7,20"
OCEG1031,CONSTRUCCIÓN DE OBRAS PORTUARIAS,0,80,"0,00",G,CONSTRUCCIÓN DE OBRAS PORTUARIAS,2020,0S,"8,43"
OCEG1032,CONTAMINACIÓN MARINA,0,48,"0,00",G,CONTAMINACIÓN MARINA,2020,0S,"8,49"
OCEG1033,DIMENSIONAMIENTO PORTUARIO,3,70,"4,29",G,DIMENSIONAMIENTO PORTUARIO,2020,0S,"8,31"
OCEG1034,DISEÑO COSTERO,0,66,"0,00",G,DISEÑO COSTERO,2020,0S,"8,14"
OCEG1035,FUNDAMENTOS DE INGENIERÍA OCEANOGRÁFICA,5,64,"7,81",G,FUNDAMENTOS DE INGENIERÍA OCEANOGRÁFICA,2020,0S,"7,43"
OCEG1036,GEOLOGÍA MARINA,0,45,"0,00",G,GEOLOGÍA MARINA,2020,0S,"8,75"
OCEG1037,GESTIÓN DE DRAGADOS,2,73,"2,74",G,GESTIÓN DE DRAGADOS,2020,0S,"7,36"
OCEG1038,GESTIÓN DE ZONAS MARINO-COSTERAS,1,77,"1,30",G,GESTIÓN DE ZONAS MARINO-COSTERAS,2020,0S,"7,92"
OCEG1039,IMPACTO AMBIENTAL MARINO-COSTERO,3,77,"3,90",G,IMPACTO AMBIENTAL MARINO-COSTERO,2020,0S,"8,02"
OCEG1040,PLANIFICACIÓN DE DRAGADOS,5,68,"7,35",G,PLANIFICACIÓN DE DRAGADOS,2020,0S,"7,08"
OCEG1043,MATERIA INTEGRADORA DE OCEANOGRAFÍA,4,92,"4,35",T,MATERIA INTEGRADORA DE OCEANOGRAFÍA,2020,0S,"8,90"
OCEG1044,TÉCNICAS DE MANEJO COSTERO,2,44,"4,55",G,TÉCNICAS DE MANEJO COSTERO,2020,0S,"7,91"
OCEG1045,PLANIFICACIÓN Y CONSTRUCCIÓN,16,110,"14,55",G,PLANIFICACIÓN Y CONSTRUCCIÓN,2020,0S,"6,49"
OCEG1046,PROCESOS ESTUARINOS,2,82,"2,44",G,PROCESOS ESTUARINOS,2020,0S,"7,87"
OCEG1047,MODELAJE COSTERO,0,83,"0,00",G,MODELAJE COSTERO,2020,0S,"8,21"
OCEG1048,OCEANOGRAFÍA COSTERA,6,83,"7,23",G,OCEANOGRAFÍA COSTERA,2020,0S,"7,09"
OCEG1049,ONDAS MARINAS,1,61,"1,64",G,ONDAS MARINAS,2020,0S,"7,83"
OCEG1050,OCEANOGRAFÍA FÍSICA,2,74,"2,70",G,OCEANOGRAFÍA FÍSICA,2020,0S,"7,78"
OCEG1051,OCEANOGRAFÍA DESCRIPTIVA,8,54,"14,81",G,OCEANOGRAFÍA DESCRIPTIVA,2020,0S,"7,37"
OCET3002,OCEANOGRAFÍA,0,16,"0,00",G,OCEANOGRAFÍA,2025,0S,"8,10"
PETG1020,COMPLETACIÓN Y REACONDICIONAMIENTO DE POZOS,0,87,"0,00",G,COMPLETACIÓN Y REACONDICIONAMIENTO DE POZOS,2020,0S,"8,00"
PETG1021,INGENIERÍA DE PRODUCCIÓN I,1,61,"1,64",G,INGENIERÍA DE PRODUCCIÓN I,2020,0S,"8,08"
PETG1022,INGENIERÍA DE PRODUCCIÓN II,0,85,"0,00",G,INGENIERÍA DE PRODUCCIÓN II,2020,0S,"8,14"
PETG1023,INGENIERÍA DE YACIMIENTOS I,4,76,"5,26",G,INGENIERÍA DE YACIMIENTOS I,2020,0S,"7,12"
PETG1024,INGENIERÍA DE YACIMIENTOS II,2,85,"2,35",G,INGENIERÍA DE YACIMIENTOS II,2020,0S,"7,39"
PETG1025,PERFORACIÓN,6,67,"8,96",G,PERFORACIÓN,2020,0S,"7,88"
PETG1026,PERFORACIÓN DIRECCIONAL,0,77,"0,00",G,PERFORACIÓN DIRECCIONAL,2020,0S,"8,78"
PETG1027,PETROFÍSICA,7,68,"10,29",G,PETROFÍSICA,2020,0S,"7,12"
PETG1028,SIMULACIÓN DE RESERVORIOS,1,102,"0,98",G,SIMULACIÓN DE RESERVORIOS,2020,0S,"7,63"
PETG1030,EVALUACIÓN DE FORMACIONES I,2,59,"3,39",G,EVALUACIÓN DE FORMACIONES I,2020,0S,"7,79"
PETG1031,PROPIEDADES DE HIDROCARBUROS Y COMPORTAMIENTO DE FASES,1,52,"1,92",G,PROPIEDADES DE HIDROCARBUROS Y COMPORTAMIENTO DE FASES,2020,0S,"8,41"
PETG1032,INTRODUCCIÓN A LA INDUSTRIA HIDROCARBURÍFERA,2,80,"2,50",G,INTRODUCCIÓN A LA INDUSTRIA HIDROCARBURÍFERA,2020,0S,"8,56"
PETG1033,MATERIA INTEGRADORA PARA PETRÓLEOS,1,102,"0,98",T,MATERIA INTEGRADORA PARA PETRÓLEOS,2020,0S,"9,46"
PETG1034,EVALUACIÓN DE FORMACIONES II,0,73,"0,00",G,EVALUACIÓN DE FORMACIONES II,2020,0S,"7,85"
QUIG1032,QUÍMICA GENERAL,1195,4764,"25,08",G,QUÍMICA GENERAL,2020,0S,"6,55"
QUIG1033,QUÍMICA INORGÁNICA,38,530,"7,17",G,QUÍMICA INORGÁNICA,2020,0S,"7,65"
QUIG1034,FISICOQUÍMICA,20,449,"4,45",G,FISICOQUÍMICA,2020,0S,"7,80"
QUIG1035,QUÍMICA ORGÁNICA,70,1018,"6,88",G,QUÍMICA ORGÁNICA,2020,0S,"7,33"
QUIG1036,QUÍMICA ORGÁNICA I,57,393,"14,50",G,QUÍMICA ORGÁNICA I,2020,0S,"7,07"
QUIG1037,BALANCE DE MATERIA Y ENERGÍA,102,469,"21,75",G,BALANCE DE MATERIA Y ENERGÍA,2020,0S,"6,41"
QUIG1038,QUÍMICA ORGÁNICA II,28,388,"7,22",G,QUÍMICA ORGÁNICA II,2020,0S,"7,39"
QUIG1039,FENÓMENOS DE TRANSPORTE DE MOMENTUM,9,382,"2,36",G,FENÓMENOS DE TRANSPORTE DE MOMENTUM,2020,0S,"7,42"
QUIG1040,QUÍMICA ANALÍTICA E INSTRUMENTAL,60,326,"18,40",G,QUÍMICA ANALÍTICA E INSTRUMENTAL,2020,0S,"6,99"
QUIG1041,FENÓMENOS DE TRANSPORTE DE CALOR,22,406,"5,42",G,FENÓMENOS DE TRANSPORTE DE CALOR,2020,0S,"7,45"
QUIG1042,FENÓMENOS DE TRANSPORTE DE MASA,38,389,"9,77",G,FENÓMENOS DE TRANSPORTE DE MASA,2020,0S,"7,01"
QUIG1043,CINÉTICA Y REACTORES,54,443,"12,19",G,CINÉTICA Y REACTORES,2020,0S,"7,12"
QUIG1044,OPERACIONES UNITARIAS I,26,462,"5,63",G,OPERACIONES UNITARIAS I,2020,0S,"7,30"
QUIG1045,OPERACIONES UNITARIAS II,15,388,"3,87",G,OPERACIONES UNITARIAS II,2020,0S,"7,47"
QUIG1046,DINÁMICA DE PROCESOS Y CONTROL,18,418,"4,31",G,DINÁMICA DE PROCESOS Y CONTROL,2020,0S,"7,36"
QUIG1047,DISEÑO DE PLANTAS,8,399,"2,01",G,DISEÑO DE PLANTAS,2020,0S,"7,64"
QUIG1050,MATERIA INTEGRADORA DE INGENIERÍA QUÍMICA,4,389,"1,03",T,MATERIA INTEGRADORA DE INGENIERÍA QUÍMICA,2020,0S,"8,93"
SOFG1006,DESARROLLO DE APLICACIONES WEB Y MÓVILES,53,693,"7,65",G,DESARROLLO DE APLICACIONES WEB Y MÓVILES,2020,0S,"7,80"
SOFG1007,INGENIERÍA DE SOFTWARE I,13,634,"2,05",G,INGENIERÍA DE SOFTWARE I,2020,0S,"8,06"
SOFG1008,INGENIERÍA DE SOFTWARE II,56,653,"8,58",G,INGENIERÍA DE SOFTWARE II,2020,0S,"7,62"
SOFG1009,LENGUAJES DE PROGRAMACIÓN,21,580,"3,62",G,LENGUAJES DE PROGRAMACIÓN,2020,0S,"8,00"
TELG1027,CIRCUITOS DE ALTA FRECUENCIA Y MICROONDAS,20,257,"7,78",G,CIRCUITOS DE ALTA FRECUENCIA Y MICROONDAS,2020,0S,"7,05"
TELG1028,COMUNICACIONES INALÁMBRICAS,11,308,"3,57",G,COMUNICACIONES INALÁMBRICAS,2020,0S,"7,30"
TELG1029,DISEÑO DE APLICACIONES EN TELECOMUNICACIONES,5,259,"1,93",G,DISEÑO DE APLICACIONES EN TELECOMUNICACIONES,2020,0S,"7,97"
TELG1030,DISEÑO DE REDES CONMUTADAS,27,247,"10,93",G,DISEÑO DE REDES CONMUTADAS,2020,0S,"7,02"
TELG1031,FIBRAS ÓPTICAS,4,279,"1,43",G,FIBRAS ÓPTICAS,2020,0S,"8,24"
TELG1032,INTRODUCCIÓN A LAS TELECOMUNICACIONES,32,259,"12,36",G,INTRODUCCIÓN A LAS TELECOMUNICACIONES,2020,0S,"7,00"
TELG1033,MATERIA INTEGRADORA DE TELECOMUNICACIONES,9,321,"2,80",T,MATERIA INTEGRADORA DE TELECOMUNICACIONES,2020,0S,"8,97"
TELG1034,PROCESAMIENTO DIGITAL DE SEÑALES,9,245,"3,67",G,PROCESAMIENTO DIGITAL DE SEÑALES,2020,0S,"7,96"
TELG1035,PROPAGACIÓN,0,282,"0,00",G,PROPAGACIÓN,2020,0S,"7,63"
TELG1037,SEÑALES Y SISTEMAS,36,254,"14,17",G,SEÑALES Y SISTEMAS,2020,0S,"6,67"
TELG1038,SISTEMAS DE COMUNICACIONES I,7,243,"2,88",G,SISTEMAS DE COMUNICACIONES I,2020,0S,"7,04"
TELG1039,SISTEMAS DE COMUNICACIONES II,9,257,"3,50",G,SISTEMAS DE COMUNICACIONES II,2020,0S,"7,26"
TELG1040,SISTEMAS DE REDES,7,280,"2,50",G,SISTEMAS DE REDES,2020,0S,"8,08"
TELG1042,TRANSMISIÓN DE SERVICIOS MULTIMEDIA,1,224,"0,45",G,TRANSMISIÓN DE SERVICIOS MULTIMEDIA,2020,0S,"7,85"
TICG1018,SISTEMA DE BASES DE DATOS,147,1045,"14,07",G,SISTEMA DE BASES DE DATOS,2020,0S,"6,93"
TICG1802,SISTEMA DE BASES DE DATOS,0,6,"0,00",G,SISTEMA DE BASES DE DATOS,2025,0S,"8,25"
TLMG1022,ADMINISTRACIÓN DE SISTEMAS Y SERVICIOS EN RED,14,226,"6,19",G,ADMINISTRACIÓN DE SISTEMAS Y SERVICIOS EN RED,2020,0S,"7,37"
TLMG1025,CALIDAD DE SERVICIO Y REDES MULTIMEDIA,2,204,"0,98",G,CALIDAD DE SERVICIO Y REDES MULTIMEDIA,2020,0S,"8,28"
TLMG1026,CIBERSEGURIDAD Y GESTIÓN DE REDES,6,223,"2,69",G,CIBERSEGURIDAD Y GESTIÓN DE REDES,2020,0S,"8,33"
TLMG1027,COMUNICACIÓN DIGITAL DE DATOS,0,175,"0,00",G,COMUNICACIÓN DIGITAL DE DATOS,2020,0S,"7,85"
TLMG1028,EVALUACIÓN Y SIMULACIÓN DE REDES,7,212,"3,30",G,EVALUACIÓN Y SIMULACIÓN DE REDES,2020,0S,"7,15"
TLMG1029,GESTIÓN DE INFRAESTRUCTURA Y SERVICIOS TI,4,212,"1,89",G,GESTIÓN DE INFRAESTRUCTURA Y SERVICIOS TI,2020,0S,"8,62"
TLMG1030,INTERNETWORKING,8,210,"3,81",G,INTERNETWORKING,2020,0S,"7,63"
TLMG1031,MATERIA INTEGRADORA DE TELEMÁTICA,16,219,"7,31",T,MATERIA INTEGRADORA DE TELEMÁTICA,2020,0S,"8,69"
TLMG1032,REDES DE DATOS,30,903,"3,32",G,REDES DE DATOS,2020,0S,"7,99"
TLMG1033,REDES INALÁMBRICAS Y DE SENSORES,3,214,"1,40",G,REDES INALÁMBRICAS Y DE SENSORES,2020,0S,"8,08"
TLMG1034,SISTEMAS EN LA NUBE,10,163,"6,13",G,SISTEMAS EN LA NUBE,2020,0S,"7,45"
TLMG1035,TELEMETRÍA Y SISTEMAS CIBERFÍSICOS,5,182,"2,75",G,TELEMETRÍA Y SISTEMAS CIBERFÍSICOS,2020,0S,"7,95"
TLMG1036,TELEMÁTICA Y TRANSFORMACIÓN DIGITAL,7,177,"3,95",G,TELEMÁTICA Y TRANSFORMACIÓN DIGITAL,2020,0S,"7,61"
TLMG1037,PROGRAMACIÓN DE SISTEMAS TELEMÁTICOS,11,486,"2,26",G,PROGRAMACIÓN DE SISTEMAS TELEMÁTICOS,2020,0S,"8,16"
TURG2018,AGENCIAS DE VIAJE,40,345,"11,59",G,AGENCIAS DE VIAJE,2020,0S,"7,62"
TURG2019,ALIMENTOS Y BEBIDAS,32,491,"6,52",G,ALIMENTOS Y BEBIDAS,2020,0S,"7,44"
TURG2020,CONGRESOS Y EVENTOS,1,198,"0,51",G,CONGRESOS Y EVENTOS,2021,0S,"9,01"
TURG2021,CONSERVACIÓN Y MANEJO AMBIENTAL EN TURISMO,3,292,"1,03",G,CONSERVACIÓN Y MANEJO AMBIENTAL EN TURISMO,2020,0S,"8,54"
TURG2022,DERECHO TURÍSTICO Y AMBIENTAL,57,481,"11,85",G,DERECHO TURÍSTICO Y AMBIENTAL,2020,0S,"7,54"
TURG2023,DESARROLLO SOSTENIBLE DEL TURISMO,1,255,"0,39",G,DESARROLLO SOSTENIBLE DEL TURISMO,2020,0S,"8,65"
TURG2024,FUNDAMENTOS DE PLANIFICACIÓN TURÍSTICA,119,439,"27,11",G,FUNDAMENTOS DE PLANIFICACIÓN TURÍSTICA,2020,0S,"6,05"
TURG2029,MATERIA INTEGRADORA DE TURISMO,6,304,"1,97",T,MATERIA INTEGRADORA DE TURISMO,2020,0S,"8,90"
TURG2030,GESTIÓN HOTELERA,21,316,"6,65",G,GESTIÓN HOTELERA,2020,0S,"7,96"
TURG2031,MARKETING TURÍSTICO,9,328,"2,74",G,MARKETING TURÍSTICO,2020,0S,"7,47"
TURG2032,MÉTODOS DE INVESTIGACIÓN EN TURISMO,8,284,"2,82",G,MÉTODOS DE INVESTIGACIÓN EN TURISMO,2020,0S,"7,76"
TURG2033,PLANIFICACIÓN DE ESPACIOS TURÍSTICOS,20,302,"6,62",G,PLANIFICACIÓN DE ESPACIOS TURÍSTICOS,2020,0S,"7,47"
TURG2034,PATRIMONIO NATURAL Y CULTURAL,18,449,"4,01",G,PATRIMONIO NATURAL Y CULTURAL,2020,0S,"8,09"
TURG2035,GEOGRAFÍA TURÍSTICA,100,514,"19,46",G,GEOGRAFÍA TURÍSTICA,2020,0S,"6,48"
TURG2036,TEORÍA DEL TURISMO,39,398,"9,80",G,TEORÍA DEL TURISMO,2020,0S,"7,51"
TURG2037,OPERACIÓN TURÍSTICA,16,360,"4,44",G,OPERACIÓN TURÍSTICA,2020,0S,"7,91"
